Customer_ID,Age,Gender,Income,Total_Purchases,Avg_Order_Value,Tenure_Months,Churn
10001,56.0,Male,69812.0,23.0,174.05,26.0,0.0
10002,69.0,Female,70500.0,22.0,163.71,42.0,0.0
10003,46.0,Female,99151.0,2.0,321.47,41.0,0.0
10004,32.0,Male,78643.0,31.0,184.42,36.0,0.0
10005,60.0,Female,64900.0,11.0,82.77,23.0,1.0
10006,25.0,Female,62946.0,28.0,302.27,47.0,1.0
10007,38.0,Female,27851.0,46.0,409.05,,1.0
10008,56.0,Male,36288.0,32.0,197.24,25.0,1.0
10009,36.0,Female,92692.0,5.0,74.81,2.0,1.0
10010,40.0,Female,87580.0,38.0,,2.0,0.0
10011,,,,10.0,126.37,16.0,1.0
10012,28.0,Male,105436.0,40.0,156.95,9.0,0.0
10013,41.0,Female,116136.0,46.0,324.97,28.0,0.0
10014,53.0,Female,66403.0,24.0,304.46,13.0,1.0
10015,57.0,Male,111170.0,35.0,351.08,35.0,1.0
10016,41.0,Male,29168.0,44.0,187.63,,0.0
10017,20.0,Female,106497.0,48.0,413.76,,0.0
10018,39.0,Female,69879.0,23.0,110.0,31.0,0.0
10019,19.0,,79871.0,17.0,239.83,21.0,0.0
10020,41.0,Female,109388.0,1.0,402.46,32.0,1.0
10021,61.0,Male,118646.0,31.0,98.28,54.0,0.0
10022,47.0,Female,52174.0,31.0,63.83,,0.0
10023,55.0,Female,119751.0,42.0,443.01,8.0,0.0
10024,19.0,Male,112491.0,42.0,178.04,,0.0
10025,38.0,Female,26581.0,34.0,345.1,41.0,0.0
10026,50.0,Male,91853.0,9.0,22.42,48.0,1.0
10027,29.0,Female,84046.0,22.0,348.12,2.0,0.0
10028,39.0,Female,69678.0,13.0,164.89,38.0,0.0
10029,61.0,Male,46649.0,25.0,37.31,32.0,0.0
10030,,Male,108668.0,48.0,308.81,54.0,0.0
10031,66.0,Female,102325.0,18.0,127.99,,1.0
10032,44.0,Female,34567.0,12.0,199.54,58.0,0.0
10033,59.0,Female,100404.0,40.0,49.48,28.0,1.0
10034,45.0,Male,109906.0,17.0,82.11,37.0,0.0
10035,33.0,Female,116019.0,15.0,156.01,41.0,0.0
10036,32.0,Male,81944.0,42.0,53.98,1.0,0.0
10037,64.0,Male,98002.0,15.0,456.3,41.0,0.0
10038,68.0,Female,48803.0,15.0,12.96,10.0,1.0
10039,61.0,Male,38230.0,39.0,247.09,55.0,0.0
10040,69.0,Female,37862.0,13.0,70.39,4.0,0.0
10041,20.0,Female,63355.0,17.0,160.76,35.0,0.0
10042,54.0,Female,51259.0,32.0,463.77,10.0,0.0
10043,,Female,119075.0,9.0,,47.0,1.0
10044,24.0,Female,107445.0,40.0,483.26,11.0,0.0
10045,38.0,Male,50795.0,20.0,110.84,14.0,0.0
10046,26.0,Male,28770.0,26.0,373.37,38.0,1.0
10047,56.0,Female,31093.0,27.0,277.87,12.0,0.0
10048,35.0,Female,66571.0,21.0,,,0.0
10049,21.0,Male,20193.0,18.0,281.46,17.0,0.0
10050,42.0,Male,37569.0,13.0,271.93,16.0,1.0
10051,31.0,Male,31190.0,16.0,105.77,35.0,1.0
10052,67.0,Male,82824.0,9.0,91.45,2.0,0.0
10053,26.0,Female,62752.0,12.0,459.08,11.0,0.0
10054,43.0,Female,52327.0,44.0,170.64,41.0,1.0
10055,19.0,Male,62070.0,38.0,192.32,3.0,0.0
10056,37.0,Female,,19.0,382.31,29.0,0.0
10057,45.0,Male,60197.0,7.0,176.02,18.0,0.0
10058,64.0,Female,,35.0,476.51,20.0,1.0
10059,,Male,113905.0,48.0,371.58,47.0,0.0
10060,61.0,Female,46512.0,18.0,302.74,14.0,0.0
10061,25.0,Male,26716.0,16.0,441.64,34.0,0.0
10062,64.0,Male,106795.0,39.0,34.31,,0.0
10063,52.0,Female,48933.0,4.0,135.96,54.0,1.0
10064,31.0,Male,24378.0,25.0,237.87,31.0,0.0
10065,34.0,Female,60583.0,32.0,121.22,58.0,0.0
10066,53.0,Female,105371.0,40.0,,40.0,0.0
10067,67.0,Male,49033.0,13.0,460.41,42.0,0.0
10068,57.0,Female,44000.0,45.0,217.65,58.0,1.0
10069,21.0,Female,95868.0,17.0,177.64,18.0,0.0
10070,19.0,Female,62604.0,49.0,481.16,30.0,1.0
10071,23.0,Female,88336.0,37.0,227.98,25.0,0.0
10072,59.0,Female,115074.0,6.0,249.63,19.0,0.0
10073,,Male,115655.0,19.0,182.31,8.0,0.0
10074,46.0,Female,93869.0,13.0,455.68,28.0,0.0
10075,35.0,Female,25410.0,26.0,288.79,8.0,0.0
10076,43.0,Female,103375.0,,383.47,31.0,1.0
10077,61.0,Female,76044.0,31.0,407.79,3.0,0.0
10078,51.0,Female,83315.0,4.0,177.51,3.0,0.0
10079,27.0,Male,116055.0,39.0,222.51,44.0,
10080,53.0,Female,91344.0,8.0,425.75,22.0,1.0
10081,31.0,,26796.0,25.0,188.0,17.0,0.0
10082,48.0,Male,106716.0,13.0,399.03,36.0,0.0
10083,65.0,Male,74245.0,32.0,471.09,17.0,0.0
10084,32.0,Male,63056.0,38.0,315.37,14.0,1.0
10085,25.0,Female,37709.0,38.0,373.4,,1.0
10086,31.0,Male,78557.0,28.0,404.5,9.0,1.0
10087,40.0,Male,37543.0,30.0,424.07,30.0,1.0
10088,57.0,Female,57418.0,3.0,203.58,21.0,0.0
10089,38.0,Female,114611.0,28.0,35.12,12.0,1.0
10090,33.0,Female,,,206.92,37.0,0.0
10091,62.0,Male,36724.0,45.0,340.14,32.0,0.0
10092,35.0,Female,23828.0,34.0,230.67,11.0,0.0
10093,64.0,Female,37087.0,16.0,376.99,20.0,1.0
10094,41.0,Male,32605.0,22.0,184.92,35.0,1.0
10095,43.0,Female,51337.0,32.0,321.02,53.0,0.0
10096,42.0,Female,25482.0,38.0,101.35,47.0,1.0
10097,62.0,Female,,8.0,377.19,46.0,1.0
10098,58.0,Female,112541.0,8.0,277.39,11.0,0.0
10099,,Male,108296.0,6.0,109.99,52.0,0.0
10100,32.0,Female,,14.0,153.04,8.0,1.0
10101,,Female,25463.0,32.0,376.82,4.0,0.0
10102,18.0,Male,90448.0,35.0,246.47,27.0,0.0
10103,42.0,Female,24648.0,10.0,115.86,44.0,1.0
10104,24.0,Male,53623.0,3.0,,40.0,1.0
10105,26.0,Female,79156.0,12.0,360.41,38.0,0.0
10106,41.0,Male,55634.0,49.0,479.0,47.0,1.0
10107,18.0,Male,64602.0,31.0,219.28,30.0,0.0
10108,61.0,Male,69334.0,29.0,242.8,44.0,0.0
10109,25.0,Male,88648.0,5.0,450.0,48.0,0.0
10110,41.0,Female,42054.0,25.0,267.27,48.0,0.0
10111,28.0,Male,90028.0,41.0,356.57,27.0,1.0
10112,68.0,Female,42207.0,31.0,133.56,,0.0
10113,34.0,Male,100650.0,21.0,228.9,52.0,0.0
10114,25.0,Male,119821.0,20.0,70.49,20.0,0.0
10115,52.0,Male,101554.0,39.0,110.93,4.0,1.0
10116,52.0,Female,41386.0,22.0,10.46,11.0,0.0
10117,50.0,Male,103276.0,4.0,29.24,13.0,0.0
10118,22.0,Female,79518.0,13.0,488.87,9.0,0.0
10119,59.0,Female,72781.0,45.0,128.75,4.0,1.0
10120,56.0,Female,72780.0,42.0,335.02,12.0,0.0
10121,58.0,Female,81440.0,49.0,421.16,,0.0
10122,45.0,Female,64199.0,20.0,279.82,13.0,0.0
10123,24.0,Female,81035.0,,85.04,48.0,1.0
10124,26.0,Female,28210.0,17.0,366.78,26.0,0.0
10125,25.0,Female,64363.0,36.0,304.12,38.0,0.0
10126,29.0,Female,98279.0,33.0,,42.0,0.0
10127,51.0,Male,80348.0,1.0,387.18,13.0,0.0
10128,50.0,Male,75284.0,15.0,487.95,39.0,1.0
10129,,Male,92124.0,13.0,291.05,28.0,0.0
10130,40.0,Male,,17.0,177.4,58.0,1.0
10131,41.0,Male,42432.0,24.0,327.75,19.0,1.0
10132,54.0,,84089.0,8.0,43.54,24.0,0.0
10133,52.0,Female,75398.0,27.0,449.72,19.0,1.0
10134,61.0,Female,119291.0,45.0,68.5,49.0,1.0
10135,57.0,Female,23321.0,,170.64,,1.0
10136,39.0,Female,,46.0,409.72,,0.0
10137,44.0,Female,57383.0,8.0,302.68,58.0,0.0
10138,52.0,Female,98682.0,8.0,202.88,28.0,0.0
10139,18.0,Male,99190.0,26.0,241.98,53.0,1.0
10140,52.0,Male,72893.0,47.0,428.73,2.0,0.0
10141,54.0,Male,55820.0,13.0,176.6,,0.0
10142,64.0,Male,86262.0,39.0,436.13,22.0,0.0
10143,31.0,Female,23760.0,37.0,53.19,13.0,0.0
10144,20.0,Female,42190.0,49.0,390.63,58.0,0.0
10145,18.0,Female,87411.0,28.0,425.3,9.0,0.0
10146,,Male,43377.0,25.0,,33.0,0.0
10147,43.0,Female,66737.0,16.0,220.87,14.0,
10148,31.0,Female,89569.0,2.0,91.09,48.0,
10149,56.0,Female,58211.0,18.0,356.24,20.0,1.0
10150,44.0,Male,102909.0,17.0,272.32,15.0,0.0
10151,26.0,Female,23744.0,30.0,321.31,32.0,0.0
10152,32.0,Male,,39.0,106.28,33.0,1.0
10153,32.0,Male,36977.0,13.0,113.76,17.0,1.0
10154,43.0,Male,117938.0,32.0,30.33,24.0,0.0
10155,59.0,Male,54542.0,29.0,167.81,30.0,1.0
10156,30.0,Female,,,284.27,13.0,1.0
10157,68.0,Male,119239.0,30.0,430.39,59.0,
10158,49.0,Male,98931.0,18.0,336.79,47.0,0.0
10159,56.0,Female,115344.0,13.0,223.34,48.0,0.0
10160,66.0,Female,36715.0,43.0,477.03,16.0,0.0
10161,69.0,Male,64409.0,21.0,362.43,2.0,0.0
10162,49.0,Female,44306.0,30.0,465.78,17.0,0.0
10163,21.0,Male,39086.0,21.0,268.52,32.0,1.0
10164,47.0,Male,34376.0,48.0,136.86,43.0,0.0
10165,54.0,Male,81350.0,17.0,35.89,8.0,0.0
10166,40.0,Male,91425.0,40.0,365.78,52.0,0.0
10167,56.0,Female,56636.0,19.0,69.44,3.0,1.0
10168,62.0,Male,106120.0,15.0,158.36,12.0,0.0
10169,,Female,71649.0,9.0,270.91,20.0,1.0
10170,60.0,Female,54610.0,10.0,286.56,16.0,0.0
10171,46.0,Female,30058.0,44.0,304.29,14.0,1.0
10172,,Female,94637.0,31.0,91.47,16.0,1.0
10173,30.0,Male,98033.0,23.0,196.07,59.0,
10174,49.0,Female,90194.0,30.0,312.43,53.0,1.0
10175,24.0,Male,96917.0,33.0,485.21,49.0,0.0
10176,68.0,Female,84200.0,9.0,366.54,43.0,0.0
10177,39.0,Female,66619.0,47.0,462.08,49.0,
10178,45.0,Male,37154.0,1.0,383.48,51.0,0.0
10179,19.0,Male,39539.0,44.0,,54.0,1.0
10180,59.0,Male,80058.0,35.0,104.09,33.0,0.0
10181,62.0,Female,82068.0,11.0,,30.0,0.0
10182,23.0,Female,97313.0,34.0,315.46,59.0,0.0
10183,45.0,,119932.0,16.0,305.21,12.0,0.0
10184,45.0,Male,50373.0,9.0,250.0,15.0,0.0
10185,61.0,Male,53154.0,,269.04,18.0,1.0
10186,61.0,Male,26031.0,15.0,173.88,28.0,0.0
10187,37.0,Female,113533.0,12.0,264.46,23.0,0.0
10188,47.0,Male,91975.0,33.0,106.8,14.0,0.0
10189,28.0,Male,42785.0,45.0,404.54,30.0,0.0
10190,45.0,Male,98928.0,14.0,101.03,33.0,0.0
10191,42.0,Male,48669.0,8.0,51.63,45.0,1.0
10192,56.0,Female,114475.0,8.0,223.76,15.0,0.0
10193,50.0,Male,22282.0,27.0,332.57,,0.0
10194,18.0,Female,54624.0,12.0,224.48,15.0,0.0
10195,44.0,Male,68438.0,1.0,145.61,52.0,0.0
10196,69.0,Male,109900.0,43.0,283.5,42.0,1.0
10197,30.0,Female,,40.0,180.03,46.0,0.0
10198,58.0,Male,51705.0,42.0,467.11,38.0,0.0
10199,20.0,Female,58244.0,11.0,462.1,46.0,1.0
10200,56.0,Female,94964.0,39.0,256.16,56.0,0.0
10201,23.0,Male,57437.0,43.0,170.66,57.0,0.0
10202,25.0,Female,97872.0,31.0,371.19,54.0,0.0
10203,44.0,Female,94878.0,17.0,27.99,44.0,0.0
10204,26.0,,92982.0,33.0,242.64,11.0,1.0
10205,54.0,Female,70583.0,32.0,174.8,29.0,0.0
10206,,Female,58392.0,29.0,461.06,31.0,
10207,68.0,Female,27461.0,21.0,15.88,25.0,0.0
10208,59.0,Female,30516.0,21.0,280.88,52.0,1.0
10209,,Female,99285.0,40.0,372.93,,0.0
10210,41.0,Male,37514.0,23.0,247.66,24.0,0.0
10211,32.0,Male,56268.0,6.0,51.85,57.0,0.0
10212,49.0,Female,110486.0,22.0,486.51,19.0,0.0
10213,49.0,,56788.0,38.0,,2.0,0.0
10214,41.0,Female,95749.0,37.0,310.95,22.0,1.0
10215,58.0,Female,81049.0,45.0,125.94,20.0,1.0
10216,69.0,Male,82493.0,8.0,246.91,33.0,0.0
10217,66.0,Female,,41.0,220.28,8.0,0.0
10218,66.0,Female,113547.0,49.0,46.7,25.0,1.0
10219,69.0,Female,62849.0,35.0,62.02,46.0,0.0
10220,29.0,Female,37858.0,11.0,420.36,9.0,1.0
10221,56.0,Male,104162.0,24.0,127.51,34.0,0.0
10222,19.0,Female,99003.0,49.0,105.53,57.0,0.0
10223,20.0,Female,72395.0,21.0,257.41,23.0,0.0
10224,66.0,Female,59758.0,2.0,386.69,5.0,0.0
10225,54.0,,74312.0,40.0,40.35,,0.0
10226,66.0,Female,88670.0,19.0,292.64,25.0,1.0
10227,34.0,Male,102279.0,39.0,68.41,8.0,1.0
10228,66.0,Male,35434.0,28.0,27.87,16.0,0.0
10229,19.0,Female,84047.0,17.0,35.84,54.0,0.0
10230,19.0,Female,67775.0,6.0,418.74,48.0,0.0
10231,45.0,Male,95769.0,19.0,67.81,45.0,1.0
10232,40.0,,86677.0,38.0,32.12,52.0,0.0
10233,54.0,Male,103555.0,28.0,224.57,15.0,0.0
10234,49.0,Male,105920.0,2.0,423.56,1.0,0.0
10235,50.0,Female,,38.0,138.58,22.0,0.0
10236,18.0,Female,108503.0,37.0,216.64,3.0,1.0
10237,36.0,Male,60603.0,4.0,29.56,38.0,0.0
10238,,Male,96708.0,22.0,230.05,54.0,0.0
10239,61.0,Male,101926.0,26.0,293.03,14.0,0.0
10240,43.0,Male,88803.0,49.0,289.74,36.0,0.0
10241,49.0,Female,59332.0,43.0,172.89,18.0,0.0
10242,23.0,,111703.0,36.0,164.61,47.0,0.0
10243,49.0,Female,41312.0,13.0,,41.0,0.0
10244,21.0,Female,113376.0,32.0,189.73,18.0,0.0
10245,,Female,104526.0,17.0,58.75,3.0,0.0
10246,34.0,Male,64179.0,41.0,385.63,10.0,0.0
10247,55.0,Female,91442.0,36.0,483.47,49.0,
10248,41.0,Female,60379.0,46.0,485.34,39.0,0.0
10249,22.0,Female,37297.0,19.0,433.88,47.0,0.0
10250,69.0,Female,22011.0,35.0,304.39,,0.0
10251,51.0,Female,64014.0,46.0,353.42,27.0,0.0
10252,23.0,Male,31738.0,40.0,149.75,57.0,0.0
10253,39.0,Male,114333.0,28.0,,,1.0
10254,28.0,Male,67498.0,,233.27,11.0,0.0
10255,65.0,Female,31120.0,42.0,246.19,49.0,0.0
10256,33.0,Male,28767.0,18.0,381.31,,1.0
10257,50.0,Male,42852.0,48.0,148.14,7.0,0.0
10258,26.0,Female,99239.0,40.0,165.84,19.0,1.0
10259,23.0,Female,20929.0,33.0,463.07,57.0,0.0
10260,33.0,Female,97487.0,12.0,37.55,56.0,1.0
10261,46.0,Male,111575.0,8.0,247.96,29.0,1.0
10262,20.0,Male,115040.0,24.0,457.27,15.0,1.0
10263,37.0,Female,37438.0,16.0,309.08,35.0,1.0
10264,53.0,Female,68515.0,4.0,,47.0,1.0
10265,36.0,Male,25744.0,38.0,132.37,37.0,1.0
10266,43.0,Male,103820.0,44.0,,,0.0
10267,20.0,Female,62417.0,27.0,427.5,12.0,
10268,36.0,Female,27069.0,9.0,284.02,30.0,0.0
10269,37.0,Male,62359.0,47.0,262.22,20.0,1.0
10270,49.0,Female,39799.0,16.0,58.79,37.0,1.0
10271,24.0,Male,118746.0,12.0,17.85,3.0,1.0
10272,69.0,Male,113762.0,31.0,482.21,9.0,1.0
10273,58.0,Male,90188.0,24.0,194.72,58.0,0.0
10274,50.0,Male,109859.0,14.0,305.57,41.0,0.0
10275,57.0,Female,27597.0,45.0,49.06,39.0,0.0
10276,56.0,Female,67093.0,25.0,344.73,26.0,0.0
10277,35.0,Male,57226.0,34.0,466.96,2.0,0.0
10278,57.0,Male,92127.0,3.0,292.08,23.0,1.0
10279,18.0,Male,111369.0,24.0,71.8,23.0,1.0
10280,28.0,Male,97362.0,42.0,,59.0,0.0
10281,45.0,Male,46417.0,9.0,385.51,21.0,0.0
10282,42.0,Female,38693.0,26.0,209.14,16.0,0.0
10283,67.0,Female,99674.0,20.0,441.12,9.0,0.0
10284,40.0,,73161.0,40.0,327.85,13.0,0.0
10285,48.0,Female,22169.0,10.0,450.63,28.0,0.0
10286,,Male,104092.0,19.0,315.52,27.0,0.0
10287,59.0,Male,42052.0,3.0,74.33,51.0,0.0
10288,52.0,Male,91849.0,24.0,,52.0,1.0
10289,24.0,Male,93851.0,5.0,108.88,17.0,0.0
10290,33.0,Male,28036.0,3.0,455.32,38.0,
10291,,Female,51778.0,27.0,382.6,36.0,0.0
10292,,Male,47734.0,16.0,341.44,,0.0
10293,69.0,Female,43173.0,49.0,157.47,18.0,0.0
10294,66.0,Female,50403.0,15.0,100.18,51.0,1.0
10295,19.0,,86321.0,35.0,380.66,9.0,0.0
10296,18.0,,91675.0,12.0,242.34,13.0,0.0
10297,65.0,Male,26344.0,41.0,120.64,40.0,0.0
10298,29.0,,38800.0,44.0,312.14,55.0,0.0
10299,22.0,Female,45372.0,26.0,,,0.0
10300,54.0,Female,81516.0,47.0,169.82,15.0,0.0
10301,49.0,Male,40538.0,34.0,239.59,43.0,1.0
10302,26.0,Male,83918.0,23.0,82.5,44.0,1.0
10303,58.0,Male,34973.0,31.0,492.48,46.0,1.0
10304,52.0,Female,91155.0,20.0,112.46,4.0,0.0
10305,36.0,Female,79500.0,12.0,,33.0,0.0
10306,65.0,Male,56575.0,23.0,109.73,24.0,1.0
10307,33.0,Female,62261.0,4.0,386.84,36.0,0.0
10308,20.0,Male,47716.0,23.0,218.5,51.0,0.0
10309,37.0,Male,23236.0,48.0,287.05,41.0,0.0
10310,41.0,Female,35848.0,48.0,20.29,10.0,0.0
10311,50.0,Female,22352.0,1.0,26.87,36.0,0.0
10312,41.0,Female,21932.0,25.0,228.45,20.0,0.0
10313,,Female,96449.0,2.0,,41.0,0.0
10314,28.0,Male,28556.0,30.0,443.77,45.0,1.0
10315,66.0,Male,106836.0,3.0,52.49,44.0,0.0
10316,25.0,Male,25498.0,21.0,273.8,11.0,0.0
10317,53.0,Male,96118.0,25.0,457.48,12.0,0.0
10318,55.0,Male,,20.0,200.11,18.0,0.0
10319,57.0,Female,84386.0,49.0,416.49,30.0,
10320,37.0,Male,29569.0,,75.51,44.0,1.0
10321,52.0,Male,76882.0,21.0,468.34,48.0,0.0
10322,65.0,Male,90393.0,33.0,378.2,37.0,1.0
10323,42.0,Female,20340.0,38.0,471.25,20.0,0.0
10324,52.0,Female,63949.0,15.0,341.54,,0.0
10325,42.0,Female,102302.0,46.0,188.07,12.0,1.0
10326,46.0,Female,82443.0,15.0,469.71,21.0,0.0
10327,35.0,Male,,46.0,145.03,25.0,0.0
10328,63.0,,94027.0,25.0,172.76,11.0,0.0
10329,35.0,Female,20138.0,21.0,353.4,9.0,0.0
10330,19.0,Female,20358.0,24.0,385.0,50.0,0.0
10331,52.0,Male,95250.0,,465.41,25.0,0.0
10332,33.0,Male,105376.0,6.0,110.35,35.0,0.0
10333,,Female,119931.0,49.0,401.02,52.0,0.0
10334,53.0,Female,50654.0,43.0,371.89,32.0,1.0
10335,,Female,45879.0,48.0,41.26,49.0,1.0
10336,,Female,101532.0,44.0,199.74,14.0,1.0
10337,50.0,Male,75778.0,47.0,148.56,1.0,0.0
10338,31.0,Male,57772.0,23.0,159.2,17.0,1.0
10339,38.0,Male,78478.0,4.0,491.64,25.0,0.0
10340,65.0,Female,84353.0,27.0,324.96,59.0,1.0
10341,37.0,Female,46762.0,18.0,361.66,8.0,0.0
10342,25.0,Male,,21.0,488.54,5.0,0.0
10343,24.0,Male,83922.0,28.0,194.83,5.0,1.0
10344,20.0,Male,59420.0,35.0,402.9,41.0,0.0
10345,34.0,Male,75568.0,22.0,222.92,35.0,0.0
10346,50.0,Female,105090.0,40.0,436.07,19.0,1.0
10347,65.0,Male,40219.0,23.0,98.52,23.0,1.0
10348,,Male,77169.0,3.0,,9.0,1.0
10349,68.0,Male,94965.0,40.0,117.2,54.0,0.0
10350,39.0,,66840.0,10.0,169.85,30.0,0.0
10351,39.0,Male,64695.0,,380.53,50.0,0.0
10352,63.0,Male,104754.0,49.0,,16.0,0.0
10353,47.0,Male,97988.0,,308.02,33.0,0.0
10354,55.0,Female,78342.0,11.0,227.84,2.0,0.0
10355,55.0,Female,38951.0,5.0,373.76,14.0,0.0
10356,62.0,Female,21307.0,45.0,121.88,46.0,0.0
10357,,Female,100388.0,37.0,38.64,1.0,1.0
10358,25.0,Male,110768.0,45.0,156.97,26.0,1.0
10359,44.0,Female,55428.0,38.0,242.41,58.0,1.0
10360,44.0,Female,112021.0,29.0,92.33,25.0,1.0
10361,51.0,,95774.0,5.0,183.85,16.0,0.0
10362,38.0,Male,58975.0,9.0,205.99,15.0,1.0
10363,47.0,Female,21140.0,48.0,38.12,26.0,0.0
10364,50.0,Female,44842.0,2.0,295.82,47.0,1.0
10365,45.0,Male,46421.0,1.0,443.33,,1.0
10366,64.0,,21708.0,40.0,84.35,16.0,1.0
10367,50.0,Male,23630.0,30.0,302.93,14.0,0.0
10368,22.0,Male,39595.0,11.0,335.72,29.0,0.0
10369,65.0,Male,96021.0,28.0,215.47,24.0,0.0
10370,36.0,Male,48308.0,44.0,353.54,47.0,0.0
10371,21.0,Female,64789.0,12.0,211.26,55.0,0.0
10372,,Male,75690.0,39.0,257.27,15.0,0.0
10373,66.0,Male,46086.0,26.0,13.6,19.0,0.0
10374,34.0,Female,36859.0,13.0,348.94,8.0,0.0
10375,61.0,Male,27684.0,8.0,334.06,34.0,1.0
10376,45.0,Female,111088.0,,28.82,2.0,0.0
10377,47.0,Female,21207.0,30.0,190.44,27.0,0.0
10378,,Female,66099.0,9.0,489.73,10.0,1.0
10379,63.0,Male,87496.0,39.0,216.16,35.0,0.0
10380,23.0,Female,86093.0,31.0,255.95,23.0,1.0
10381,52.0,Female,49689.0,21.0,455.87,49.0,0.0
10382,58.0,Male,68651.0,47.0,361.46,8.0,0.0
10383,54.0,Female,33893.0,,295.21,28.0,0.0
10384,41.0,Female,117808.0,31.0,400.92,23.0,0.0
10385,46.0,Female,86418.0,25.0,433.54,4.0,0.0
10386,66.0,Female,80011.0,12.0,233.88,14.0,0.0
10387,63.0,Female,58635.0,1.0,242.8,53.0,0.0
10388,48.0,Male,,22.0,199.16,42.0,0.0
10389,52.0,Female,115071.0,40.0,483.69,29.0,0.0
10390,50.0,Female,,37.0,351.61,1.0,0.0
10391,69.0,Male,92702.0,47.0,50.78,4.0,0.0
10392,38.0,Male,98518.0,1.0,432.85,32.0,0.0
10393,49.0,Male,92805.0,1.0,245.47,33.0,0.0
10394,40.0,Female,,42.0,43.69,49.0,0.0
10395,50.0,Male,48064.0,42.0,279.36,26.0,0.0
10396,20.0,Female,99063.0,21.0,214.41,17.0,1.0
10397,35.0,Female,22454.0,15.0,440.1,39.0,0.0
10398,42.0,,40878.0,17.0,109.96,23.0,1.0
10399,59.0,Male,71098.0,22.0,414.97,32.0,1.0
10400,48.0,Female,82154.0,38.0,283.27,52.0,0.0
10401,20.0,Male,32991.0,35.0,36.76,15.0,0.0
10402,57.0,Female,88344.0,45.0,486.2,13.0,1.0
10403,63.0,Male,56593.0,16.0,261.18,2.0,1.0
10404,41.0,Male,56304.0,8.0,152.53,19.0,0.0
10405,67.0,Male,50386.0,47.0,240.01,24.0,1.0
10406,49.0,Female,75220.0,17.0,430.35,45.0,1.0
10407,64.0,Male,89338.0,17.0,,24.0,
10408,,Female,114289.0,26.0,104.41,11.0,1.0
10409,40.0,Female,41083.0,13.0,73.24,59.0,0.0
10410,19.0,Female,38354.0,17.0,155.95,22.0,0.0
10411,44.0,Female,42190.0,,392.22,15.0,1.0
10412,59.0,Male,,17.0,241.1,10.0,1.0
10413,19.0,Female,48398.0,48.0,121.47,41.0,0.0
10414,43.0,,71971.0,14.0,91.43,27.0,0.0
10415,34.0,Male,61862.0,45.0,173.04,9.0,0.0
10416,57.0,Female,118668.0,6.0,,52.0,1.0
10417,50.0,Male,73410.0,35.0,178.08,28.0,0.0
10418,26.0,,,46.0,494.18,1.0,1.0
10419,60.0,,68456.0,14.0,247.76,17.0,1.0
10420,65.0,Female,102035.0,47.0,97.79,31.0,0.0
10421,56.0,Male,28016.0,8.0,446.66,44.0,0.0
10422,46.0,,22384.0,15.0,235.57,10.0,0.0
10423,59.0,Female,82320.0,27.0,357.74,37.0,0.0
10424,43.0,Male,35072.0,13.0,,29.0,0.0
10425,52.0,Male,100018.0,49.0,34.59,18.0,0.0
10426,67.0,Male,60510.0,31.0,57.38,47.0,0.0
10427,42.0,Male,68933.0,35.0,363.02,38.0,0.0
10428,41.0,Female,41826.0,6.0,148.09,39.0,0.0
10429,30.0,Female,88026.0,5.0,100.31,49.0,0.0
10430,24.0,Male,45518.0,22.0,29.29,6.0,0.0
10431,53.0,Female,44045.0,49.0,20.7,40.0,0.0
10432,62.0,Male,70876.0,23.0,389.5,12.0,
10433,37.0,Male,112446.0,25.0,75.87,53.0,0.0
10434,18.0,Female,110102.0,34.0,239.18,14.0,0.0
10435,25.0,Female,71919.0,26.0,306.89,44.0,1.0
10436,63.0,Female,119441.0,47.0,219.89,55.0,0.0
10437,33.0,Female,47103.0,5.0,23.28,10.0,0.0
10438,31.0,Female,56188.0,26.0,,54.0,1.0
10439,29.0,Female,25845.0,20.0,15.15,20.0,0.0
10440,68.0,Female,106698.0,6.0,383.33,15.0,0.0
10441,40.0,Male,56674.0,6.0,447.72,31.0,1.0
10442,32.0,Male,39337.0,,222.09,7.0,1.0
10443,45.0,Male,42313.0,4.0,272.42,58.0,1.0
10444,51.0,Male,46943.0,,243.72,41.0,1.0
10445,19.0,Male,97949.0,14.0,200.71,10.0,0.0
10446,49.0,Female,20276.0,14.0,444.84,10.0,
10447,40.0,Male,71151.0,13.0,448.03,48.0,0.0
10448,39.0,Male,37611.0,7.0,174.55,39.0,0.0
10449,68.0,Male,31944.0,44.0,311.38,28.0,0.0
10450,42.0,Male,72887.0,15.0,464.18,30.0,1.0
10451,39.0,Male,101442.0,19.0,481.41,37.0,0.0
10452,39.0,Male,69847.0,43.0,259.39,55.0,0.0
10453,66.0,Male,78653.0,47.0,231.88,3.0,
10454,69.0,Female,106072.0,44.0,146.56,50.0,1.0
10455,59.0,Female,76622.0,35.0,479.85,43.0,0.0
10456,23.0,Male,47810.0,17.0,79.98,15.0,1.0
10457,,Female,97842.0,35.0,294.12,21.0,1.0
10458,60.0,Female,30503.0,19.0,148.45,52.0,0.0
10459,54.0,Female,104761.0,,146.71,,0.0
10460,50.0,Female,56976.0,36.0,208.43,56.0,0.0
10461,25.0,Male,31590.0,35.0,499.41,12.0,0.0
10462,61.0,Female,30886.0,32.0,36.93,4.0,0.0
10463,61.0,Female,32866.0,48.0,293.49,47.0,1.0
10464,22.0,Female,86624.0,44.0,50.46,9.0,1.0
10465,56.0,Male,88899.0,40.0,85.72,39.0,1.0
10466,21.0,Male,52792.0,24.0,225.39,42.0,1.0
10467,23.0,Male,29764.0,17.0,260.13,28.0,1.0
10468,62.0,,106156.0,7.0,136.81,23.0,0.0
10469,49.0,Male,62727.0,43.0,165.06,45.0,0.0
10470,69.0,Male,98471.0,1.0,,40.0,1.0
10471,,Male,28068.0,35.0,158.58,44.0,0.0
10472,64.0,Female,27295.0,32.0,483.61,22.0,0.0
10473,,Female,61160.0,36.0,472.91,24.0,0.0
10474,57.0,Female,31390.0,13.0,174.09,51.0,1.0
10475,69.0,Male,40131.0,6.0,289.72,58.0,0.0
10476,33.0,Male,114754.0,14.0,455.7,26.0,1.0
10477,30.0,Male,95969.0,37.0,13.03,30.0,0.0
10478,67.0,Male,35038.0,48.0,407.23,33.0,0.0
10479,59.0,Male,72327.0,15.0,474.7,16.0,0.0
10480,47.0,Female,113718.0,47.0,54.75,22.0,1.0
10481,36.0,Female,97064.0,4.0,,49.0,0.0
10482,34.0,Male,41281.0,40.0,480.77,57.0,1.0
10483,36.0,Male,74189.0,16.0,273.39,50.0,0.0
10484,45.0,Male,68511.0,,16.96,43.0,0.0
10485,43.0,Male,28605.0,16.0,136.24,,0.0
10486,54.0,Female,21381.0,4.0,230.47,7.0,0.0
10487,,Male,,45.0,349.53,,0.0
10488,40.0,Male,39810.0,26.0,369.25,26.0,0.0
10489,26.0,Male,44322.0,28.0,497.76,8.0,1.0
10490,29.0,Male,61869.0,32.0,150.88,6.0,0.0
10491,18.0,Female,52955.0,45.0,273.73,30.0,0.0
10492,18.0,Male,81388.0,2.0,271.33,,1.0
10493,64.0,Male,30207.0,31.0,208.77,23.0,0.0
10494,51.0,Female,107329.0,3.0,92.89,32.0,0.0
10495,49.0,Female,87628.0,8.0,488.95,22.0,0.0
10496,65.0,Female,48220.0,24.0,428.13,42.0,0.0
10497,42.0,Male,104050.0,15.0,254.18,43.0,0.0
10498,57.0,Male,94085.0,,305.59,57.0,1.0
10499,62.0,Female,42031.0,31.0,121.36,45.0,0.0
10500,18.0,Female,90721.0,9.0,276.46,,0.0
10501,33.0,Female,100807.0,39.0,350.54,,0.0
10502,56.0,Female,91312.0,45.0,262.43,,
10503,22.0,Female,79766.0,2.0,495.24,9.0,0.0
10504,39.0,Female,,,309.56,13.0,1.0
10505,46.0,Male,109833.0,7.0,191.78,58.0,1.0
10506,20.0,Male,76699.0,44.0,388.35,3.0,1.0
10507,29.0,Male,101253.0,39.0,,35.0,1.0
10508,43.0,Female,,42.0,198.41,33.0,0.0
10509,33.0,Female,83671.0,16.0,180.01,21.0,1.0
10510,68.0,Female,30350.0,35.0,221.59,31.0,0.0
10511,54.0,Female,116158.0,30.0,393.07,52.0,1.0
10512,39.0,Female,88487.0,10.0,247.24,34.0,0.0
10513,46.0,Female,37622.0,38.0,399.07,32.0,1.0
10514,31.0,Male,90263.0,18.0,292.48,57.0,0.0
10515,,Male,73117.0,5.0,177.61,35.0,0.0
10516,,Female,78394.0,29.0,406.89,15.0,1.0
10517,64.0,,43782.0,39.0,126.76,56.0,0.0
10518,66.0,Female,48454.0,34.0,119.95,32.0,0.0
10519,47.0,Male,87904.0,43.0,257.21,6.0,0.0
10520,63.0,Female,,45.0,137.82,45.0,1.0
10521,69.0,Female,42173.0,23.0,14.45,21.0,0.0
10522,22.0,Male,53204.0,5.0,327.67,33.0,0.0
10523,29.0,Male,55596.0,30.0,260.44,32.0,0.0
10524,33.0,Female,54324.0,6.0,228.3,52.0,0.0
10525,43.0,Female,81202.0,46.0,483.81,19.0,
10526,43.0,Male,109400.0,44.0,,33.0,1.0
10527,65.0,Male,50750.0,,433.08,28.0,
10528,38.0,Female,96112.0,29.0,78.33,31.0,
10529,56.0,,36566.0,23.0,288.91,21.0,1.0
10530,53.0,Female,27190.0,6.0,435.31,,0.0
10531,50.0,Female,108607.0,32.0,295.72,34.0,0.0
10532,47.0,Female,58333.0,42.0,,15.0,0.0
10533,54.0,Female,100905.0,18.0,192.3,14.0,0.0
10534,40.0,,109571.0,,55.3,19.0,0.0
10535,27.0,Male,21589.0,40.0,234.37,43.0,0.0
10536,22.0,Male,45235.0,32.0,203.29,15.0,0.0
10537,53.0,Male,20159.0,9.0,434.86,6.0,0.0
10538,51.0,Male,32145.0,37.0,129.56,52.0,1.0
10539,69.0,Male,100909.0,10.0,483.7,9.0,0.0
10540,48.0,Male,51921.0,20.0,479.49,37.0,1.0
10541,27.0,Female,36237.0,6.0,131.34,20.0,0.0
10542,36.0,Male,28244.0,48.0,180.55,34.0,1.0
10543,49.0,Male,34743.0,3.0,448.82,38.0,1.0
10544,18.0,Female,117102.0,42.0,483.64,26.0,1.0
10545,22.0,Male,66101.0,11.0,227.29,18.0,1.0
10546,62.0,Male,104227.0,43.0,167.29,28.0,0.0
10547,21.0,Female,,17.0,267.79,55.0,0.0
10548,33.0,Male,76378.0,32.0,347.01,51.0,0.0
10549,41.0,Male,91126.0,4.0,144.0,9.0,0.0
10550,33.0,Male,76071.0,4.0,370.87,32.0,0.0
10551,19.0,Female,91121.0,17.0,35.31,59.0,1.0
10552,66.0,Male,,41.0,34.15,53.0,0.0
10553,45.0,Male,113814.0,19.0,199.28,56.0,0.0
10554,49.0,Female,32237.0,,183.2,59.0,1.0
10555,44.0,Male,35649.0,32.0,164.66,6.0,0.0
10556,37.0,Female,57713.0,22.0,250.6,14.0,0.0
10557,41.0,Female,93463.0,6.0,167.16,28.0,1.0
10558,,Male,65409.0,35.0,104.21,58.0,0.0
10559,67.0,Female,68766.0,22.0,161.64,24.0,0.0
10560,52.0,Female,66154.0,1.0,487.7,13.0,1.0
10561,50.0,Male,27016.0,20.0,211.45,43.0,1.0
10562,50.0,Female,99563.0,22.0,227.91,12.0,1.0
10563,68.0,Female,68688.0,48.0,292.51,51.0,0.0
10564,,Male,,11.0,491.84,19.0,1.0
10565,54.0,Male,74238.0,13.0,128.38,,0.0
10566,29.0,Male,78608.0,42.0,343.83,27.0,0.0
10567,20.0,Female,109081.0,3.0,360.83,58.0,0.0
10568,18.0,Male,51897.0,9.0,307.59,19.0,0.0
10569,50.0,Female,70961.0,12.0,53.4,24.0,0.0
10570,57.0,Female,88703.0,23.0,341.67,26.0,0.0
10571,27.0,Female,64757.0,14.0,41.41,45.0,0.0
10572,60.0,Female,46917.0,,302.11,28.0,0.0
10573,61.0,Female,42736.0,18.0,372.39,46.0,1.0
10574,46.0,Female,47990.0,49.0,113.38,56.0,0.0
10575,30.0,Female,82551.0,41.0,422.39,18.0,0.0
10576,29.0,Male,78161.0,9.0,24.87,44.0,0.0
10577,48.0,Male,99623.0,23.0,423.47,36.0,
10578,63.0,Female,42440.0,10.0,235.56,42.0,0.0
10579,19.0,Female,55205.0,19.0,116.62,29.0,0.0
10580,68.0,Male,100811.0,47.0,75.55,17.0,0.0
10581,67.0,Female,75103.0,5.0,477.12,4.0,1.0
10582,52.0,Male,90812.0,47.0,45.61,44.0,0.0
10583,40.0,Male,61627.0,23.0,107.56,45.0,0.0
10584,34.0,Male,39008.0,30.0,180.43,59.0,0.0
10585,43.0,Female,91274.0,25.0,313.92,29.0,0.0
10586,25.0,Female,52402.0,28.0,276.95,4.0,0.0
10587,46.0,Male,73384.0,34.0,71.57,10.0,0.0
10588,43.0,Male,25793.0,,151.97,25.0,0.0
10589,27.0,Male,25571.0,48.0,126.99,31.0,1.0
10590,43.0,Male,116867.0,47.0,114.64,3.0,1.0
10591,51.0,Male,36209.0,25.0,211.46,47.0,0.0
10592,68.0,Female,110930.0,10.0,,2.0,1.0
10593,58.0,Male,63148.0,14.0,116.55,57.0,0.0
10594,24.0,Female,111218.0,42.0,189.67,25.0,1.0
10595,21.0,Male,22224.0,46.0,201.55,49.0,0.0
10596,67.0,Female,68695.0,30.0,488.46,6.0,
10597,62.0,Female,52441.0,41.0,477.79,26.0,1.0
10598,28.0,Female,59129.0,25.0,402.07,8.0,1.0
10599,46.0,Female,82368.0,14.0,128.41,35.0,1.0
10600,,Female,112122.0,35.0,43.34,27.0,0.0
10601,42.0,Female,64760.0,48.0,165.28,25.0,1.0
10602,38.0,Male,43478.0,34.0,140.73,18.0,1.0
10603,53.0,Female,91854.0,10.0,257.9,54.0,0.0
10604,27.0,Male,114230.0,35.0,391.09,1.0,0.0
10605,54.0,,105716.0,11.0,430.58,48.0,0.0
10606,26.0,Female,32180.0,11.0,423.98,39.0,1.0
10607,41.0,,118538.0,21.0,186.24,3.0,0.0
10608,52.0,Female,35372.0,21.0,346.74,55.0,0.0
10609,66.0,Male,49796.0,22.0,163.29,4.0,0.0
10610,52.0,Male,78272.0,45.0,39.84,41.0,0.0
10611,,Male,109963.0,7.0,353.77,37.0,0.0
10612,53.0,,118826.0,17.0,14.82,51.0,
10613,35.0,Female,113635.0,2.0,210.5,15.0,1.0
10614,66.0,Female,74040.0,,171.4,8.0,0.0
10615,56.0,Male,95357.0,42.0,349.75,38.0,1.0
10616,49.0,Female,91368.0,18.0,385.46,50.0,0.0
10617,41.0,Female,98356.0,11.0,159.01,19.0,0.0
10618,40.0,Male,36211.0,16.0,407.7,56.0,0.0
10619,49.0,Female,25842.0,49.0,,47.0,0.0
10620,54.0,Male,83115.0,18.0,228.7,26.0,0.0
10621,29.0,Male,86852.0,35.0,366.24,39.0,1.0
10622,66.0,Female,65968.0,26.0,349.53,10.0,0.0
10623,30.0,Female,37508.0,16.0,493.81,38.0,0.0
10624,40.0,Female,42005.0,6.0,120.33,14.0,0.0
10625,42.0,Male,74575.0,44.0,,49.0,0.0
10626,52.0,Male,100742.0,43.0,308.74,41.0,1.0
10627,58.0,Female,38971.0,47.0,458.4,19.0,0.0
10628,47.0,Female,45599.0,47.0,86.62,30.0,0.0
10629,,Female,107592.0,48.0,378.38,5.0,0.0
10630,66.0,Female,86914.0,42.0,288.45,55.0,0.0
10631,37.0,Male,87055.0,12.0,144.59,31.0,0.0
10632,65.0,Female,107697.0,13.0,242.47,7.0,
10633,42.0,,25355.0,4.0,,19.0,0.0
10634,39.0,Male,74120.0,39.0,293.86,31.0,0.0
10635,30.0,Female,94619.0,2.0,445.61,52.0,0.0
10636,36.0,Female,58342.0,26.0,288.96,58.0,1.0
10637,66.0,Female,105992.0,27.0,319.54,39.0,0.0
10638,53.0,Male,98860.0,27.0,264.19,24.0,1.0
10639,29.0,Female,22257.0,15.0,35.07,34.0,1.0
10640,58.0,Female,47364.0,8.0,124.1,57.0,0.0
10641,,Male,44972.0,7.0,251.08,23.0,0.0
10642,29.0,Female,46654.0,47.0,162.02,48.0,0.0
10643,26.0,Male,100769.0,46.0,99.06,45.0,1.0
10644,24.0,Female,101423.0,40.0,257.03,40.0,0.0
10645,45.0,,49320.0,12.0,168.18,6.0,0.0
10646,31.0,Female,40808.0,13.0,136.47,38.0,0.0
10647,48.0,Female,72389.0,43.0,237.35,41.0,1.0
10648,69.0,Male,115690.0,17.0,75.31,36.0,0.0
10649,36.0,Male,54773.0,17.0,464.6,27.0,0.0
10650,64.0,Female,71168.0,36.0,435.17,11.0,0.0
10651,33.0,Male,47747.0,21.0,356.73,5.0,0.0
10652,22.0,Male,96396.0,8.0,62.04,57.0,0.0
10653,52.0,Male,103692.0,5.0,390.18,17.0,1.0
10654,29.0,Male,77505.0,26.0,405.9,52.0,1.0
10655,42.0,Female,105896.0,16.0,386.2,7.0,1.0
10656,69.0,Female,38135.0,36.0,65.84,27.0,0.0
10657,38.0,Male,110887.0,28.0,325.51,47.0,0.0
10658,53.0,Male,116035.0,29.0,418.82,57.0,
10659,40.0,Male,67377.0,47.0,292.9,15.0,0.0
10660,33.0,Male,43554.0,12.0,326.74,46.0,0.0
10661,56.0,Female,82491.0,37.0,234.6,13.0,0.0
10662,62.0,Female,75621.0,30.0,269.07,,0.0
10663,59.0,Male,78283.0,23.0,,45.0,0.0
10664,56.0,Male,105140.0,16.0,323.09,26.0,0.0
10665,31.0,Male,36923.0,14.0,49.91,22.0,1.0
10666,48.0,Female,67591.0,10.0,223.16,28.0,0.0
10667,22.0,Male,82261.0,7.0,153.4,,1.0
10668,52.0,Female,74336.0,45.0,277.26,29.0,1.0
10669,40.0,Male,94083.0,37.0,75.37,9.0,0.0
10670,46.0,Female,80948.0,29.0,348.91,42.0,0.0
10671,60.0,Male,53002.0,3.0,399.56,4.0,0.0
10672,28.0,Female,100098.0,15.0,90.04,49.0,1.0
10673,35.0,Male,93016.0,36.0,61.11,46.0,0.0
10674,64.0,Male,46672.0,47.0,81.3,56.0,1.0
10675,29.0,Male,24213.0,46.0,439.79,,0.0
10676,26.0,Female,30293.0,19.0,268.81,43.0,1.0
10677,27.0,Male,,13.0,238.96,16.0,1.0
10678,61.0,Female,75860.0,42.0,62.29,33.0,0.0
10679,34.0,Female,82507.0,21.0,328.28,29.0,0.0
10680,55.0,Male,77134.0,37.0,435.32,39.0,0.0
10681,24.0,Male,22100.0,27.0,,10.0,0.0
10682,63.0,Male,81997.0,29.0,316.77,9.0,0.0
10683,30.0,,48172.0,20.0,46.89,59.0,1.0
10684,57.0,Male,40132.0,25.0,65.07,31.0,0.0
10685,59.0,Female,38199.0,6.0,34.16,28.0,1.0
10686,26.0,,56609.0,,136.16,57.0,1.0
10687,67.0,Male,62965.0,2.0,76.47,3.0,0.0
10688,44.0,Male,,22.0,137.42,54.0,1.0
10689,19.0,Male,59779.0,32.0,198.68,55.0,0.0
10690,22.0,Male,51881.0,16.0,472.06,14.0,1.0
10691,46.0,Male,102594.0,18.0,309.08,58.0,0.0
10692,54.0,Male,44472.0,5.0,419.14,25.0,0.0
10693,55.0,,71813.0,36.0,358.07,15.0,0.0
10694,36.0,Female,56021.0,30.0,,2.0,0.0
10695,25.0,Female,74131.0,45.0,370.6,24.0,0.0
10696,65.0,Male,44087.0,19.0,144.8,14.0,0.0
10697,62.0,Female,32828.0,23.0,323.16,48.0,0.0
10698,18.0,Female,81610.0,34.0,177.07,7.0,1.0
10699,39.0,Female,116664.0,13.0,498.86,36.0,0.0
10700,69.0,Female,21401.0,43.0,139.14,50.0,0.0
10701,34.0,Female,105179.0,29.0,146.77,24.0,0.0
10702,24.0,Male,35193.0,36.0,466.03,27.0,1.0
10703,42.0,Male,112389.0,22.0,22.08,37.0,1.0
10704,62.0,,64864.0,47.0,351.38,38.0,0.0
10705,21.0,Female,40307.0,36.0,365.41,30.0,0.0
10706,53.0,Female,39611.0,9.0,419.83,27.0,0.0
10707,23.0,Male,63791.0,39.0,487.48,39.0,0.0
10708,48.0,Male,31950.0,19.0,488.04,15.0,1.0
10709,36.0,,96240.0,38.0,41.99,26.0,0.0
10710,61.0,Male,97403.0,6.0,412.7,1.0,1.0
10711,56.0,Male,22745.0,47.0,326.69,56.0,0.0
10712,44.0,Female,75243.0,15.0,327.2,4.0,1.0
10713,27.0,Male,23866.0,20.0,72.89,29.0,0.0
10714,43.0,Male,52245.0,9.0,328.59,57.0,1.0
10715,36.0,,64724.0,32.0,491.42,1.0,1.0
10716,56.0,Male,91354.0,4.0,456.79,,1.0
10717,20.0,Male,71374.0,18.0,225.17,50.0,0.0
10718,62.0,Female,50116.0,5.0,29.57,46.0,0.0
10719,30.0,Male,101029.0,20.0,187.52,,0.0
10720,67.0,,113574.0,23.0,414.93,11.0,0.0
10721,45.0,Female,40447.0,11.0,353.73,10.0,0.0
10722,37.0,Female,50431.0,37.0,235.08,59.0,0.0
10723,45.0,Female,37908.0,22.0,37.0,17.0,0.0
10724,25.0,Male,49336.0,4.0,219.18,36.0,0.0
10725,58.0,Female,60992.0,29.0,239.82,56.0,0.0
10726,56.0,Male,,44.0,464.99,47.0,0.0
10727,18.0,Female,89561.0,34.0,324.13,26.0,0.0
10728,20.0,Male,71955.0,13.0,162.71,48.0,0.0
10729,30.0,Female,81240.0,42.0,267.41,21.0,0.0
10730,45.0,Female,40093.0,9.0,42.37,13.0,0.0
10731,66.0,Female,26155.0,42.0,486.56,9.0,1.0
10732,42.0,Female,66607.0,31.0,186.43,11.0,1.0
10733,50.0,Male,53487.0,7.0,244.16,11.0,1.0
10734,55.0,Female,75668.0,4.0,184.09,6.0,1.0
10735,23.0,Female,40963.0,19.0,344.43,1.0,0.0
10736,61.0,Male,70124.0,42.0,334.49,54.0,0.0
10737,62.0,Female,72870.0,30.0,360.51,6.0,0.0
10738,49.0,Male,76547.0,,141.39,13.0,0.0
10739,62.0,Female,84110.0,35.0,164.68,22.0,0.0
10740,64.0,Female,73554.0,21.0,71.37,56.0,0.0
10741,38.0,Female,40936.0,31.0,331.2,31.0,0.0
10742,33.0,Male,24426.0,19.0,29.5,22.0,0.0
10743,38.0,Female,,31.0,302.86,37.0,1.0
10744,28.0,Female,47606.0,32.0,436.15,47.0,0.0
10745,54.0,Female,67832.0,2.0,446.51,27.0,0.0
10746,53.0,Male,48151.0,10.0,230.03,50.0,0.0
10747,52.0,Male,99303.0,2.0,235.06,52.0,0.0
10748,36.0,Female,,2.0,47.71,14.0,0.0
10749,37.0,Male,82522.0,24.0,338.67,47.0,1.0
10750,35.0,Female,65671.0,17.0,412.42,,0.0
10751,64.0,Female,110306.0,32.0,129.88,5.0,
10752,58.0,Female,114108.0,16.0,216.44,58.0,0.0
10753,66.0,Female,22204.0,16.0,421.03,36.0,0.0
10754,31.0,Female,112769.0,46.0,439.79,32.0,1.0
10755,32.0,Female,107265.0,,129.16,34.0,0.0
10756,48.0,Female,51131.0,31.0,279.78,7.0,1.0
10757,18.0,Male,,43.0,104.32,42.0,1.0
10758,20.0,Male,53870.0,24.0,59.92,48.0,1.0
10759,33.0,Male,69067.0,1.0,456.45,10.0,0.0
10760,40.0,Male,78585.0,11.0,412.05,50.0,0.0
10761,28.0,Male,41607.0,21.0,,,0.0
10762,29.0,,44968.0,4.0,33.9,30.0,0.0
10763,27.0,Male,118934.0,7.0,423.43,21.0,1.0
10764,49.0,Female,31908.0,26.0,224.64,13.0,1.0
10765,,Female,46423.0,47.0,177.77,1.0,1.0
10766,25.0,Female,94707.0,12.0,277.77,1.0,1.0
10767,55.0,Female,98257.0,31.0,54.76,47.0,0.0
10768,29.0,Male,81215.0,17.0,380.76,33.0,0.0
10769,41.0,Male,75835.0,33.0,295.39,38.0,0.0
10770,45.0,Female,69429.0,11.0,101.43,25.0,1.0
10771,25.0,Female,,28.0,102.23,26.0,1.0
10772,45.0,Male,58458.0,32.0,100.28,13.0,0.0
10773,53.0,Female,66169.0,1.0,37.93,59.0,1.0
10774,43.0,Female,27659.0,47.0,298.02,28.0,1.0
10775,25.0,Female,80614.0,28.0,421.77,33.0,1.0
10776,67.0,Female,97240.0,42.0,18.57,,1.0
10777,45.0,,,7.0,34.01,41.0,0.0
10778,45.0,Female,66473.0,2.0,290.66,30.0,0.0
10779,54.0,Female,116762.0,42.0,411.55,57.0,0.0
10780,58.0,Male,109388.0,24.0,170.1,49.0,0.0
10781,53.0,,117618.0,4.0,181.31,48.0,0.0
10782,44.0,Female,108330.0,44.0,302.21,8.0,0.0
10783,34.0,Male,75751.0,19.0,144.36,49.0,1.0
10784,26.0,Female,98915.0,26.0,23.04,47.0,0.0
10785,50.0,Female,74254.0,11.0,370.26,56.0,1.0
10786,37.0,Male,27006.0,40.0,316.57,1.0,0.0
10787,30.0,Female,94218.0,43.0,294.57,12.0,
10788,45.0,Female,85344.0,11.0,373.43,,0.0
10789,65.0,Female,53840.0,45.0,340.86,24.0,0.0
10790,46.0,Female,52430.0,3.0,110.88,6.0,0.0
10791,30.0,Male,43091.0,12.0,182.72,25.0,0.0
10792,63.0,Male,52983.0,3.0,71.79,1.0,0.0
10793,52.0,Female,43989.0,42.0,73.63,25.0,0.0
10794,23.0,Male,95451.0,27.0,341.34,1.0,0.0
10795,,Female,38990.0,49.0,430.71,32.0,1.0
10796,68.0,Female,110270.0,2.0,481.74,42.0,0.0
10797,22.0,Female,100360.0,49.0,317.89,42.0,0.0
10798,64.0,Female,56081.0,16.0,100.21,3.0,1.0
10799,42.0,Female,31033.0,2.0,61.77,49.0,0.0
10800,19.0,Male,36241.0,30.0,408.3,19.0,1.0
10801,27.0,Female,25939.0,20.0,293.59,43.0,1.0
10802,47.0,Male,67562.0,38.0,312.96,29.0,1.0
10803,67.0,Male,55063.0,28.0,392.92,50.0,0.0
10804,62.0,Female,96721.0,25.0,354.61,2.0,1.0
10805,22.0,Female,47045.0,32.0,418.88,9.0,1.0
10806,50.0,Female,64769.0,10.0,37.54,56.0,0.0
10807,18.0,Female,67118.0,42.0,376.29,17.0,0.0
10808,35.0,Female,104703.0,40.0,426.92,46.0,0.0
10809,49.0,Male,41625.0,33.0,,36.0,1.0
10810,64.0,Female,47076.0,13.0,323.82,17.0,0.0
10811,66.0,Female,84805.0,41.0,163.94,49.0,1.0
10812,28.0,Male,64605.0,42.0,479.41,12.0,0.0
10813,38.0,Male,,,26.38,20.0,1.0
10814,43.0,Female,108509.0,37.0,294.1,50.0,0.0
10815,42.0,Male,59121.0,16.0,91.59,3.0,
10816,39.0,Female,85101.0,45.0,358.99,43.0,0.0
10817,44.0,Male,51433.0,22.0,96.19,57.0,0.0
10818,66.0,,63309.0,20.0,125.34,50.0,0.0
10819,30.0,,87468.0,43.0,252.24,4.0,0.0
10820,50.0,Male,64254.0,27.0,458.27,17.0,0.0
10821,51.0,Male,87293.0,41.0,113.74,50.0,1.0
10822,,Male,116258.0,16.0,80.68,37.0,1.0
10823,52.0,Male,57853.0,34.0,381.9,46.0,0.0
10824,18.0,Male,58405.0,32.0,255.3,42.0,0.0
10825,38.0,Male,86652.0,26.0,456.77,15.0,0.0
10826,65.0,Female,63527.0,25.0,81.84,33.0,1.0
10827,23.0,Female,97227.0,2.0,326.5,,0.0
10828,45.0,Male,20492.0,12.0,124.11,11.0,
10829,34.0,Female,113418.0,40.0,86.81,55.0,0.0
10830,22.0,,28811.0,9.0,344.88,20.0,1.0
10831,48.0,Female,113344.0,12.0,300.91,38.0,0.0
10832,22.0,Male,44272.0,26.0,379.87,24.0,1.0
10833,55.0,Female,113935.0,9.0,161.64,54.0,0.0
10834,20.0,Male,92010.0,10.0,229.51,16.0,0.0
10835,40.0,Female,112492.0,32.0,208.68,30.0,0.0
10836,54.0,Male,67153.0,34.0,,34.0,0.0
10837,54.0,Male,74110.0,48.0,153.2,1.0,0.0
10838,27.0,,33979.0,20.0,154.46,24.0,0.0
10839,27.0,Female,,39.0,183.73,24.0,0.0
10840,36.0,Male,32867.0,2.0,,9.0,0.0
10841,,Female,79234.0,1.0,133.64,22.0,0.0
10842,38.0,Female,45851.0,36.0,458.49,12.0,1.0
10843,31.0,Female,51279.0,24.0,140.19,17.0,0.0
10844,26.0,Male,,27.0,448.95,25.0,0.0
10845,63.0,Male,93402.0,2.0,,28.0,0.0
10846,18.0,Female,35449.0,31.0,331.72,15.0,0.0
10847,68.0,Female,96221.0,14.0,454.42,30.0,0.0
10848,62.0,Female,109080.0,2.0,92.69,51.0,0.0
10849,30.0,Male,25451.0,29.0,484.48,27.0,0.0
10850,21.0,Male,107178.0,15.0,,22.0,0.0
10851,18.0,Female,61316.0,12.0,473.4,10.0,1.0
10852,66.0,Female,83064.0,37.0,341.64,58.0,0.0
10853,57.0,Female,83761.0,28.0,,31.0,0.0
10854,49.0,Female,58870.0,20.0,102.27,27.0,0.0
10855,51.0,Female,116566.0,,158.83,12.0,0.0
10856,45.0,Female,50873.0,24.0,55.58,46.0,1.0
10857,,Male,78627.0,21.0,80.5,31.0,0.0
10858,25.0,,86155.0,10.0,61.28,32.0,0.0
10859,56.0,,119186.0,46.0,217.24,32.0,0.0
10860,43.0,Female,45372.0,14.0,399.83,41.0,0.0
10861,51.0,Female,23642.0,37.0,79.28,59.0,0.0
10862,20.0,Male,48001.0,18.0,73.86,45.0,0.0
10863,67.0,Male,54064.0,24.0,325.28,35.0,0.0
10864,29.0,Male,114826.0,14.0,106.62,53.0,0.0
10865,18.0,Male,34122.0,34.0,,46.0,0.0
10866,61.0,Female,44820.0,12.0,91.76,21.0,0.0
10867,22.0,Male,88431.0,22.0,462.63,,0.0
10868,47.0,Female,75745.0,6.0,412.52,16.0,1.0
10869,47.0,Male,70081.0,36.0,183.49,7.0,0.0
10870,34.0,Female,90902.0,45.0,331.35,4.0,0.0
10871,65.0,Female,28711.0,36.0,273.27,27.0,0.0
10872,64.0,Female,105132.0,22.0,341.79,52.0,0.0
10873,40.0,Female,38793.0,14.0,344.51,55.0,0.0
10874,32.0,Female,28199.0,16.0,,25.0,1.0
10875,,Female,96253.0,36.0,140.39,31.0,1.0
10876,38.0,Male,56191.0,25.0,29.11,11.0,0.0
10877,31.0,Female,30211.0,32.0,233.23,48.0,0.0
10878,19.0,Male,83069.0,33.0,446.58,20.0,0.0
10879,,Male,108896.0,45.0,289.05,36.0,0.0
10880,68.0,Female,76746.0,36.0,417.87,54.0,1.0
10881,56.0,Male,41542.0,20.0,495.9,54.0,0.0
10882,55.0,Female,51312.0,18.0,90.17,55.0,0.0
10883,,Male,65242.0,38.0,,17.0,0.0
10884,55.0,Female,113783.0,3.0,340.4,45.0,0.0
10885,67.0,Male,107893.0,23.0,490.18,11.0,1.0
10886,51.0,Female,75388.0,32.0,492.94,30.0,0.0
10887,35.0,Female,47691.0,45.0,346.47,35.0,0.0
10888,47.0,Female,97960.0,16.0,129.37,41.0,0.0
10889,32.0,Female,,5.0,401.29,38.0,1.0
10890,44.0,Male,42601.0,4.0,62.44,22.0,1.0
10891,68.0,Female,38020.0,21.0,392.54,53.0,0.0
10892,51.0,Male,28155.0,40.0,456.0,43.0,0.0
10893,69.0,Male,89119.0,14.0,197.59,48.0,0.0
10894,55.0,Male,101051.0,39.0,319.01,51.0,0.0
10895,50.0,Female,56777.0,31.0,,27.0,0.0
10896,41.0,Male,39710.0,14.0,224.5,37.0,0.0
10897,32.0,Male,44532.0,6.0,162.08,46.0,0.0
10898,47.0,Male,38601.0,,383.44,49.0,0.0
10899,,Female,83227.0,16.0,468.73,35.0,1.0
10900,68.0,,24967.0,17.0,470.97,4.0,
10901,34.0,Male,,45.0,95.64,16.0,0.0
10902,,Female,40022.0,23.0,438.62,16.0,0.0
10903,46.0,,63463.0,,371.34,21.0,
10904,21.0,Male,94671.0,7.0,133.89,26.0,0.0
10905,27.0,Male,25722.0,46.0,42.97,57.0,1.0
10906,34.0,Female,47413.0,32.0,141.32,36.0,0.0
10907,27.0,Male,112772.0,15.0,456.98,19.0,1.0
10908,34.0,Female,101050.0,44.0,320.26,58.0,0.0
10909,37.0,Female,105867.0,17.0,363.32,17.0,0.0
10910,41.0,Female,103596.0,41.0,136.0,45.0,0.0
10911,22.0,Female,86732.0,47.0,362.5,,0.0
10912,51.0,,32297.0,44.0,23.78,22.0,0.0
10913,23.0,Female,88323.0,34.0,193.91,55.0,1.0
10914,19.0,Male,43816.0,5.0,317.11,58.0,1.0
10915,30.0,Male,60695.0,45.0,81.59,56.0,1.0
10916,60.0,Female,39702.0,27.0,413.27,28.0,1.0
10917,60.0,Female,45242.0,23.0,125.17,1.0,1.0
10918,65.0,Female,75841.0,40.0,329.62,44.0,0.0
10919,28.0,Male,87712.0,14.0,208.55,36.0,0.0
10920,68.0,Female,105663.0,15.0,302.06,43.0,0.0
10921,64.0,Male,112764.0,43.0,62.65,37.0,0.0
10922,40.0,Female,73574.0,,,2.0,1.0
10923,33.0,Female,105744.0,31.0,455.69,17.0,0.0
10924,48.0,Male,48482.0,35.0,142.12,,0.0
10925,28.0,Male,,17.0,411.64,38.0,1.0
10926,,Female,118932.0,,499.68,21.0,0.0
10927,25.0,Female,23696.0,19.0,113.6,9.0,0.0
10928,21.0,Female,40058.0,46.0,139.93,13.0,1.0
10929,57.0,Male,40313.0,23.0,334.8,11.0,1.0
10930,21.0,Male,39149.0,32.0,483.07,16.0,0.0
10931,42.0,Male,73521.0,40.0,458.75,16.0,1.0
10932,20.0,Male,65740.0,13.0,256.41,59.0,1.0
10933,49.0,Male,24956.0,20.0,399.6,2.0,1.0
10934,20.0,Male,95731.0,35.0,76.52,42.0,1.0
10935,44.0,Female,102612.0,5.0,488.94,44.0,0.0
10936,46.0,Female,86641.0,9.0,482.53,8.0,0.0
10937,,Male,83811.0,29.0,90.23,43.0,0.0
10938,67.0,Female,72160.0,6.0,156.72,42.0,0.0
10939,68.0,Female,71313.0,25.0,59.08,,0.0
10940,36.0,,83232.0,31.0,143.14,,0.0
10941,38.0,Female,35417.0,22.0,409.82,17.0,0.0
10942,22.0,Male,44729.0,2.0,195.37,39.0,0.0
10943,35.0,Male,50099.0,45.0,53.31,24.0,
10944,45.0,Female,118134.0,,177.69,3.0,1.0
10945,59.0,Male,49961.0,27.0,490.88,30.0,0.0
10946,,Male,32602.0,25.0,318.54,52.0,0.0
10947,38.0,Male,29256.0,8.0,213.92,13.0,0.0
10948,23.0,Male,106120.0,1.0,91.6,19.0,0.0
10949,18.0,Male,54681.0,20.0,493.23,7.0,1.0
10950,22.0,Male,111328.0,,412.22,9.0,0.0
10951,58.0,Male,107440.0,23.0,147.92,19.0,0.0
10952,29.0,Male,84789.0,32.0,44.33,45.0,0.0
10953,43.0,Female,63361.0,11.0,,54.0,0.0
10954,63.0,Female,84503.0,,68.99,40.0,0.0
10955,51.0,Female,54540.0,47.0,294.58,22.0,0.0
10956,66.0,Male,46536.0,24.0,465.09,18.0,0.0
10957,31.0,Male,104700.0,11.0,253.4,23.0,1.0
10958,,Female,83043.0,29.0,423.04,2.0,0.0
10959,62.0,Female,98532.0,26.0,228.48,50.0,0.0
10960,44.0,Female,76575.0,16.0,357.21,50.0,0.0
10961,26.0,Male,22871.0,35.0,368.62,11.0,
10962,43.0,Female,66002.0,20.0,95.24,31.0,
10963,64.0,Female,69812.0,46.0,187.0,33.0,0.0
10964,39.0,Male,42626.0,3.0,,14.0,1.0
10965,64.0,Female,79979.0,1.0,44.64,16.0,0.0
10966,47.0,Male,96057.0,47.0,187.15,11.0,1.0
10967,60.0,Male,86668.0,1.0,272.05,33.0,0.0
10968,65.0,Male,119003.0,17.0,498.15,7.0,1.0
10969,34.0,Female,100070.0,2.0,242.52,31.0,0.0
10970,43.0,Female,109390.0,29.0,409.87,48.0,1.0
10971,53.0,Male,62998.0,20.0,221.71,46.0,0.0
10972,18.0,Female,83814.0,6.0,400.23,47.0,1.0
10973,25.0,Female,65607.0,8.0,301.75,14.0,1.0
10974,66.0,Female,27812.0,29.0,444.43,28.0,0.0
10975,,Female,81844.0,48.0,211.36,53.0,0.0
10976,69.0,,90093.0,33.0,306.11,43.0,1.0
10977,32.0,Female,22179.0,3.0,318.71,16.0,0.0
10978,64.0,,63798.0,35.0,214.52,19.0,
10979,39.0,Male,,5.0,80.71,17.0,1.0
10980,31.0,Female,,,55.84,59.0,0.0
10981,43.0,Male,70574.0,44.0,18.17,26.0,0.0
10982,45.0,Female,67857.0,12.0,438.03,6.0,0.0
10983,40.0,Female,40700.0,20.0,125.87,43.0,1.0
10984,31.0,Male,59464.0,45.0,113.64,49.0,0.0
10985,41.0,Male,62351.0,20.0,,9.0,0.0
10986,19.0,Male,113330.0,9.0,166.81,50.0,0.0
10987,62.0,Male,114319.0,39.0,257.96,,1.0
10988,43.0,Female,102534.0,4.0,89.63,,
10989,31.0,Female,33869.0,19.0,480.28,12.0,0.0
10990,68.0,Female,80315.0,,427.27,23.0,
10991,24.0,Male,113688.0,27.0,433.26,54.0,1.0
10992,20.0,Male,40954.0,45.0,209.32,54.0,1.0
10993,64.0,Male,51555.0,43.0,383.56,5.0,0.0
10994,40.0,Female,83353.0,13.0,80.5,43.0,0.0
10995,63.0,Male,102190.0,13.0,14.22,36.0,1.0
10996,60.0,Female,65026.0,22.0,19.79,59.0,0.0
10997,64.0,Male,66976.0,28.0,297.43,36.0,0.0
10998,62.0,Female,100578.0,47.0,233.14,3.0,1.0
10999,35.0,Female,111502.0,45.0,263.83,58.0,1.0
11000,55.0,Male,65095.0,22.0,13.66,24.0,
11001,52.0,Male,34270.0,,217.12,55.0,0.0
11002,68.0,Female,50908.0,19.0,361.85,57.0,
11003,32.0,Female,35523.0,8.0,226.92,17.0,0.0
11004,42.0,Male,82433.0,8.0,368.79,39.0,1.0
11005,54.0,Male,67068.0,42.0,124.18,26.0,
11006,45.0,Female,39991.0,26.0,408.44,4.0,1.0
11007,27.0,Male,30775.0,48.0,298.33,55.0,0.0
11008,56.0,,97801.0,,113.27,45.0,0.0
11009,34.0,Female,104995.0,23.0,125.99,12.0,0.0
11010,56.0,Male,81250.0,43.0,317.73,1.0,0.0
11011,39.0,Male,36673.0,13.0,416.67,21.0,1.0
11012,43.0,Male,47056.0,28.0,213.66,19.0,0.0
11013,61.0,Male,26614.0,9.0,136.57,21.0,0.0
11014,,Male,27415.0,20.0,434.84,52.0,0.0
11015,34.0,Female,108691.0,19.0,337.94,18.0,1.0
11016,30.0,Female,63884.0,48.0,229.56,43.0,1.0
11017,37.0,Male,,39.0,249.07,52.0,1.0
11018,42.0,Male,57726.0,12.0,110.09,3.0,0.0
11019,21.0,Male,57044.0,15.0,,49.0,0.0
11020,,Female,77149.0,31.0,185.78,44.0,0.0
11021,20.0,Male,57544.0,14.0,497.87,32.0,0.0
11022,58.0,Male,69976.0,11.0,245.29,,0.0
11023,62.0,Female,52252.0,26.0,248.08,40.0,0.0
11024,35.0,Female,23832.0,42.0,287.27,15.0,0.0
11025,64.0,Male,110811.0,27.0,459.21,5.0,0.0
11026,53.0,Male,100437.0,11.0,402.4,4.0,
11027,64.0,Male,54148.0,,231.05,58.0,
11028,39.0,Female,81240.0,34.0,362.16,28.0,0.0
11029,51.0,Male,108454.0,43.0,297.26,53.0,0.0
11030,64.0,Male,105076.0,19.0,251.26,,0.0
11031,,Male,97116.0,6.0,104.23,51.0,0.0
11032,57.0,Female,73459.0,46.0,237.33,,1.0
11033,66.0,Female,58402.0,38.0,130.45,4.0,1.0
11034,61.0,Male,77727.0,49.0,458.27,15.0,0.0
11035,36.0,Male,58578.0,42.0,174.35,17.0,
11036,59.0,Female,110453.0,28.0,476.61,44.0,0.0
11037,58.0,Female,42318.0,1.0,271.2,3.0,1.0
11038,54.0,Female,95715.0,35.0,319.46,10.0,1.0
11039,23.0,Female,97787.0,40.0,276.04,47.0,0.0
11040,69.0,Female,105029.0,8.0,73.4,42.0,0.0
11041,43.0,Female,40466.0,47.0,194.15,56.0,0.0
11042,51.0,Female,115742.0,7.0,58.58,23.0,0.0
11043,62.0,Female,65475.0,11.0,315.25,18.0,0.0
11044,23.0,Female,80142.0,39.0,228.97,1.0,0.0
11045,54.0,Male,105160.0,4.0,391.21,35.0,0.0
11046,50.0,Male,46564.0,25.0,,53.0,0.0
11047,39.0,Male,42412.0,12.0,90.64,,1.0
11048,,Female,113526.0,,209.1,31.0,1.0
11049,23.0,Male,71001.0,38.0,464.03,59.0,0.0
11050,,Female,77649.0,46.0,358.11,44.0,0.0
11051,65.0,Female,80957.0,12.0,215.27,,0.0
11052,21.0,Male,55517.0,43.0,263.46,3.0,0.0
11053,47.0,Female,33156.0,37.0,,3.0,0.0
11054,28.0,Male,43064.0,46.0,492.44,37.0,0.0
11055,47.0,Male,45711.0,24.0,336.54,19.0,
11056,48.0,Male,50106.0,16.0,149.85,29.0,0.0
11057,41.0,Female,85458.0,13.0,297.05,25.0,0.0
11058,26.0,Male,36589.0,25.0,63.65,33.0,
11059,20.0,Female,109272.0,4.0,483.26,36.0,0.0
11060,68.0,Male,106511.0,11.0,95.64,29.0,0.0
11061,48.0,Male,27214.0,32.0,327.53,58.0,1.0
11062,57.0,Male,116117.0,49.0,130.27,26.0,1.0
11063,54.0,Female,105731.0,7.0,361.61,4.0,0.0
11064,53.0,Female,47127.0,46.0,390.64,49.0,0.0
11065,41.0,Female,25141.0,11.0,339.98,,1.0
11066,48.0,Male,,28.0,311.1,50.0,0.0
11067,23.0,,110421.0,,447.31,,1.0
11068,19.0,Female,22708.0,23.0,48.53,33.0,0.0
11069,37.0,Female,38375.0,45.0,,22.0,0.0
11070,45.0,Female,,23.0,131.66,48.0,0.0
11071,28.0,Female,77615.0,28.0,494.13,3.0,0.0
11072,21.0,Female,65046.0,43.0,200.8,23.0,1.0
11073,,Female,30014.0,47.0,368.98,21.0,0.0
11074,,Male,84425.0,26.0,345.52,,0.0
11075,66.0,Female,23273.0,25.0,113.92,23.0,0.0
11076,47.0,Male,67135.0,29.0,127.11,4.0,1.0
11077,55.0,Male,50881.0,19.0,147.83,21.0,0.0
11078,68.0,Female,117022.0,33.0,211.45,37.0,1.0
11079,19.0,Female,98077.0,36.0,124.82,43.0,0.0
11080,32.0,Male,28712.0,14.0,19.63,31.0,0.0
11081,28.0,Female,94704.0,14.0,440.9,21.0,0.0
11082,25.0,Female,72874.0,35.0,483.15,26.0,0.0
11083,43.0,Male,89087.0,30.0,177.37,41.0,0.0
11084,68.0,Male,32297.0,28.0,175.87,58.0,0.0
11085,62.0,Male,47128.0,17.0,13.47,35.0,0.0
11086,61.0,Female,88368.0,,343.32,38.0,
11087,22.0,Male,114019.0,16.0,414.47,24.0,0.0
11088,23.0,,107599.0,46.0,81.84,11.0,0.0
11089,43.0,Male,108499.0,30.0,88.24,41.0,1.0
11090,21.0,Male,98958.0,29.0,397.14,29.0,0.0
11091,36.0,Male,,45.0,311.98,47.0,1.0
11092,37.0,Female,31156.0,15.0,31.98,55.0,0.0
11093,50.0,Female,31108.0,46.0,315.05,,0.0
11094,37.0,Male,51845.0,25.0,161.37,1.0,0.0
11095,66.0,Male,,38.0,190.68,52.0,0.0
11096,29.0,Male,62712.0,42.0,387.17,54.0,0.0
11097,64.0,Female,22610.0,47.0,407.36,19.0,0.0
11098,18.0,Male,97603.0,,206.17,46.0,0.0
11099,43.0,,53872.0,23.0,474.1,49.0,0.0
11100,31.0,Male,,25.0,209.17,22.0,1.0
11101,55.0,Male,115102.0,,388.2,14.0,1.0
11102,54.0,Male,115319.0,7.0,247.1,49.0,0.0
11103,28.0,Male,40583.0,22.0,449.79,57.0,0.0
11104,53.0,Male,105774.0,17.0,454.8,59.0,1.0
11105,30.0,Male,27263.0,18.0,52.83,14.0,1.0
11106,60.0,Female,87450.0,49.0,468.88,44.0,0.0
11107,20.0,Male,109285.0,,414.51,16.0,0.0
11108,50.0,,39456.0,10.0,397.74,33.0,1.0
11109,23.0,Male,111118.0,10.0,108.45,13.0,1.0
11110,67.0,Male,85942.0,7.0,404.51,38.0,0.0
11111,27.0,Female,33689.0,48.0,426.57,49.0,0.0
11112,22.0,Male,52934.0,38.0,151.68,12.0,1.0
11113,40.0,Female,53276.0,27.0,476.61,,1.0
11114,27.0,Female,39873.0,33.0,34.43,51.0,1.0
11115,61.0,Male,33050.0,1.0,83.46,38.0,1.0
11116,19.0,Female,86216.0,44.0,273.41,39.0,0.0
11117,30.0,Female,104444.0,34.0,292.14,33.0,1.0
11118,57.0,,104040.0,4.0,326.12,33.0,0.0
11119,19.0,Female,41644.0,17.0,18.31,29.0,1.0
11120,37.0,Male,82021.0,4.0,480.58,5.0,0.0
11121,18.0,Male,57125.0,43.0,31.85,6.0,1.0
11122,54.0,Male,86899.0,26.0,80.1,31.0,
11123,26.0,Male,62291.0,4.0,16.87,16.0,0.0
11124,34.0,Female,55060.0,1.0,287.76,31.0,0.0
11125,26.0,Male,21538.0,7.0,466.81,,0.0
11126,28.0,Male,56176.0,30.0,336.31,48.0,
11127,32.0,Female,61520.0,9.0,413.1,46.0,1.0
11128,41.0,Male,45675.0,35.0,16.51,33.0,0.0
11129,55.0,Male,38287.0,8.0,275.59,13.0,0.0
11130,52.0,Female,20174.0,24.0,235.19,52.0,1.0
11131,47.0,Female,112268.0,19.0,254.49,10.0,1.0
11132,48.0,Female,54998.0,36.0,45.38,24.0,1.0
11133,66.0,Female,73312.0,43.0,345.37,10.0,1.0
11134,22.0,Female,,27.0,256.58,41.0,1.0
11135,61.0,Female,95225.0,32.0,384.92,31.0,0.0
11136,67.0,Female,64814.0,14.0,247.79,13.0,1.0
11137,31.0,Male,105091.0,18.0,83.2,3.0,0.0
11138,28.0,Female,70719.0,28.0,327.65,59.0,
11139,26.0,Female,53919.0,29.0,94.47,50.0,1.0
11140,51.0,Female,93155.0,16.0,437.47,52.0,0.0
11141,29.0,Male,91569.0,35.0,310.43,34.0,0.0
11142,52.0,Male,61328.0,47.0,87.03,49.0,0.0
11143,52.0,Female,90482.0,31.0,481.55,28.0,0.0
11144,18.0,Female,44618.0,4.0,264.0,19.0,0.0
11145,57.0,Female,54675.0,37.0,45.72,,1.0
11146,39.0,Male,38919.0,17.0,317.15,45.0,0.0
11147,46.0,Male,24173.0,39.0,134.07,32.0,0.0
11148,25.0,Female,46400.0,48.0,403.81,13.0,1.0
11149,28.0,Male,70445.0,46.0,410.73,33.0,1.0
11150,58.0,Female,90305.0,26.0,489.68,34.0,0.0
11151,54.0,Male,57564.0,48.0,255.92,,1.0
11152,31.0,Male,65814.0,39.0,232.93,56.0,
11153,47.0,Female,99747.0,41.0,379.2,5.0,
11154,52.0,Female,108791.0,4.0,74.91,56.0,0.0
11155,38.0,Female,47962.0,30.0,277.99,3.0,0.0
11156,54.0,Female,104892.0,30.0,277.66,7.0,0.0
11157,22.0,Male,105842.0,22.0,53.84,24.0,1.0
11158,36.0,Male,90533.0,11.0,214.81,22.0,1.0
11159,31.0,Male,76184.0,2.0,428.11,45.0,0.0
11160,,Female,102912.0,44.0,429.52,23.0,0.0
11161,21.0,Male,30578.0,12.0,58.63,30.0,0.0
11162,42.0,,,30.0,54.45,18.0,1.0
11163,62.0,Male,59194.0,36.0,138.72,32.0,1.0
11164,59.0,Female,20389.0,18.0,438.64,56.0,0.0
11165,42.0,Female,119303.0,26.0,73.16,53.0,0.0
11166,35.0,Male,87391.0,7.0,362.8,7.0,0.0
11167,57.0,Female,33794.0,1.0,59.57,33.0,0.0
11168,25.0,Female,78002.0,26.0,315.34,5.0,0.0
11169,,Male,55531.0,23.0,184.47,49.0,0.0
11170,57.0,Female,72815.0,26.0,396.57,28.0,0.0
11171,31.0,Female,24986.0,45.0,124.51,8.0,0.0
11172,49.0,Female,52298.0,6.0,323.21,15.0,0.0
11173,68.0,Male,,6.0,,52.0,0.0
11174,55.0,Male,,44.0,359.69,4.0,1.0
11175,50.0,Female,89267.0,8.0,438.1,34.0,1.0
11176,40.0,Male,36835.0,24.0,72.13,5.0,1.0
11177,32.0,Female,47798.0,22.0,434.63,33.0,1.0
11178,50.0,Female,111649.0,19.0,300.85,57.0,0.0
11179,42.0,Female,84887.0,37.0,72.28,5.0,0.0
11180,34.0,Female,39477.0,18.0,,,1.0
11181,50.0,Female,37266.0,31.0,88.82,34.0,0.0
11182,64.0,Male,106328.0,37.0,353.17,58.0,
11183,19.0,Female,105988.0,30.0,381.85,26.0,0.0
11184,31.0,Male,63526.0,42.0,61.84,1.0,0.0
11185,57.0,Male,31889.0,33.0,258.01,4.0,0.0
11186,57.0,Female,44335.0,10.0,409.17,39.0,0.0
11187,68.0,Female,31254.0,37.0,468.72,54.0,1.0
11188,56.0,Male,106610.0,12.0,,26.0,0.0
11189,68.0,Male,31442.0,30.0,475.64,33.0,1.0
11190,23.0,Male,66289.0,27.0,272.49,33.0,0.0
11191,23.0,Female,73747.0,39.0,203.15,8.0,1.0
11192,20.0,Male,57327.0,9.0,,20.0,0.0
11193,24.0,Female,36199.0,21.0,251.56,16.0,0.0
11194,68.0,Female,92827.0,12.0,241.23,21.0,0.0
11195,,Female,20112.0,29.0,250.25,45.0,0.0
11196,59.0,Male,107051.0,33.0,424.92,55.0,0.0
11197,69.0,Female,39581.0,43.0,417.65,56.0,0.0
11198,32.0,Female,79722.0,15.0,207.72,26.0,0.0
11199,64.0,Female,112036.0,2.0,173.32,23.0,0.0
11200,46.0,Female,117562.0,39.0,251.04,18.0,1.0
11201,50.0,Female,36523.0,44.0,290.66,31.0,
11202,,Male,86960.0,18.0,126.79,52.0,0.0
11203,,Female,39552.0,3.0,399.04,42.0,0.0
11204,56.0,Female,30808.0,7.0,248.38,12.0,1.0
11205,44.0,Male,92525.0,43.0,173.68,1.0,0.0
11206,53.0,Female,43620.0,18.0,62.34,42.0,0.0
11207,46.0,Male,20887.0,44.0,127.03,9.0,0.0
11208,55.0,Female,51802.0,38.0,475.15,3.0,0.0
11209,50.0,Male,105024.0,37.0,159.5,,0.0
11210,54.0,Male,115549.0,33.0,92.74,26.0,0.0
11211,44.0,Female,101938.0,44.0,235.73,9.0,0.0
11212,50.0,Female,106741.0,31.0,160.47,42.0,0.0
11213,21.0,Female,46049.0,11.0,27.23,51.0,1.0
11214,39.0,Male,97789.0,4.0,168.34,,0.0
11215,19.0,Male,104526.0,18.0,,24.0,
11216,27.0,Male,27846.0,4.0,280.34,50.0,0.0
11217,22.0,Female,110563.0,49.0,184.71,14.0,0.0
11218,27.0,,66220.0,34.0,229.18,3.0,0.0
11219,50.0,Male,66163.0,29.0,483.1,34.0,0.0
11220,55.0,Female,23765.0,24.0,194.9,33.0,0.0
11221,30.0,Male,101486.0,22.0,136.53,50.0,0.0
11222,48.0,Male,65270.0,2.0,129.3,24.0,0.0
11223,64.0,Female,95277.0,44.0,234.3,9.0,0.0
11224,53.0,,108278.0,6.0,382.16,13.0,1.0
11225,62.0,Female,110239.0,42.0,110.93,2.0,0.0
11226,41.0,Female,42931.0,25.0,357.56,7.0,0.0
11227,69.0,Female,109116.0,21.0,20.36,48.0,0.0
11228,32.0,Female,75633.0,16.0,215.28,21.0,0.0
11229,46.0,Female,100702.0,31.0,390.17,19.0,1.0
11230,25.0,Male,71913.0,14.0,175.98,25.0,0.0
11231,22.0,Male,114776.0,,286.23,47.0,
11232,46.0,Female,45991.0,28.0,110.44,22.0,0.0
11233,64.0,Female,74845.0,,373.58,11.0,0.0
11234,,Male,118505.0,28.0,35.62,33.0,
11235,29.0,Female,75312.0,49.0,427.75,32.0,0.0
11236,62.0,Female,,9.0,107.12,21.0,0.0
11237,19.0,Female,36901.0,45.0,,39.0,1.0
11238,44.0,Male,115556.0,22.0,182.74,20.0,0.0
11239,48.0,Male,,32.0,364.11,8.0,0.0
11240,68.0,Female,45917.0,5.0,166.42,42.0,1.0
11241,68.0,Female,82120.0,23.0,453.9,37.0,1.0
11242,53.0,Male,21988.0,5.0,72.05,9.0,0.0
11243,53.0,Male,34256.0,42.0,97.47,25.0,0.0
11244,43.0,Female,107728.0,32.0,251.58,25.0,1.0
11245,60.0,Female,48230.0,10.0,50.15,33.0,0.0
11246,44.0,Male,79778.0,,106.03,2.0,0.0
11247,22.0,Male,65833.0,15.0,472.45,19.0,1.0
11248,,Male,42625.0,7.0,488.48,46.0,0.0
11249,28.0,Female,52088.0,29.0,194.37,20.0,0.0
11250,27.0,Male,99650.0,47.0,462.41,42.0,0.0
11251,57.0,Female,61167.0,3.0,,41.0,0.0
11252,55.0,Male,91291.0,19.0,142.17,42.0,1.0
11253,23.0,Male,85303.0,10.0,354.18,29.0,0.0
11254,25.0,Male,96361.0,28.0,332.86,6.0,1.0
11255,40.0,Male,108229.0,29.0,494.67,17.0,0.0
11256,64.0,Female,24117.0,15.0,139.87,25.0,0.0
11257,43.0,Female,110265.0,35.0,339.31,,0.0
11258,63.0,Male,117718.0,,35.49,4.0,1.0
11259,60.0,Female,80710.0,12.0,65.69,30.0,
11260,29.0,Male,114426.0,47.0,11.92,20.0,0.0
11261,43.0,Male,114876.0,38.0,499.74,3.0,0.0
11262,30.0,Male,87054.0,13.0,403.11,23.0,0.0
11263,57.0,Male,50949.0,29.0,395.49,51.0,1.0
11264,35.0,,42547.0,,259.77,18.0,0.0
11265,,Male,101882.0,3.0,157.03,26.0,0.0
11266,50.0,Male,88136.0,8.0,,56.0,0.0
11267,64.0,Female,84619.0,8.0,149.49,36.0,
11268,57.0,Male,81842.0,20.0,194.23,8.0,0.0
11269,60.0,Male,114803.0,47.0,380.59,17.0,0.0
11270,29.0,Male,46990.0,4.0,274.43,31.0,1.0
11271,61.0,Female,36193.0,21.0,47.97,37.0,0.0
11272,53.0,,50109.0,3.0,18.83,45.0,0.0
11273,65.0,Female,39233.0,45.0,60.14,57.0,0.0
11274,,Male,101730.0,,211.14,33.0,0.0
11275,22.0,Male,54510.0,23.0,467.26,27.0,1.0
11276,54.0,Female,21306.0,16.0,322.33,45.0,0.0
11277,25.0,Male,23849.0,13.0,402.89,4.0,0.0
11278,59.0,Male,32360.0,3.0,238.52,22.0,0.0
11279,66.0,Female,114767.0,48.0,,26.0,0.0
11280,45.0,Female,65800.0,9.0,63.12,32.0,0.0
11281,48.0,Female,56963.0,14.0,439.21,24.0,0.0
11282,26.0,Female,74330.0,13.0,393.75,46.0,0.0
11283,68.0,Female,71707.0,7.0,92.38,35.0,1.0
11284,,Male,38689.0,15.0,261.01,,0.0
11285,31.0,Female,49084.0,7.0,248.81,32.0,0.0
11286,57.0,Male,60387.0,38.0,316.29,7.0,1.0
11287,58.0,Male,94816.0,34.0,473.63,33.0,0.0
11288,39.0,Male,22642.0,41.0,294.09,31.0,0.0
11289,,Female,62137.0,22.0,274.71,55.0,0.0
11290,40.0,Female,99832.0,24.0,34.66,12.0,0.0
11291,18.0,Male,75561.0,49.0,40.82,11.0,0.0
11292,63.0,Female,82260.0,37.0,101.8,24.0,0.0
11293,54.0,Female,,44.0,25.91,8.0,1.0
11294,38.0,Female,,1.0,374.24,32.0,
11295,43.0,Female,22994.0,10.0,364.43,,0.0
11296,63.0,Male,119575.0,43.0,76.67,,0.0
11297,53.0,Male,21813.0,16.0,419.68,22.0,0.0
11298,40.0,Female,113027.0,46.0,85.85,34.0,0.0
11299,18.0,Male,104381.0,8.0,157.58,19.0,0.0
11300,68.0,Female,,49.0,132.0,52.0,0.0
11301,,Female,61243.0,25.0,192.43,20.0,1.0
11302,32.0,Male,,12.0,134.79,56.0,0.0
11303,38.0,Male,80272.0,25.0,249.59,14.0,1.0
11304,64.0,Male,62051.0,17.0,209.63,33.0,1.0
11305,26.0,Female,98854.0,,493.42,,0.0
11306,26.0,Male,102736.0,46.0,37.4,16.0,1.0
11307,27.0,Female,85618.0,48.0,79.67,4.0,1.0
11308,69.0,Male,21920.0,14.0,35.88,27.0,0.0
11309,43.0,Male,97219.0,41.0,316.66,28.0,1.0
11310,58.0,Female,96872.0,,36.71,43.0,0.0
11311,52.0,Female,101132.0,23.0,419.86,16.0,0.0
11312,69.0,Female,22093.0,43.0,260.85,59.0,1.0
11313,42.0,Female,32905.0,6.0,268.23,52.0,0.0
11314,43.0,,44351.0,47.0,285.18,33.0,0.0
11315,28.0,Female,50981.0,5.0,93.7,48.0,0.0
11316,55.0,Female,93903.0,43.0,106.87,19.0,1.0
11317,19.0,Female,90821.0,,166.22,21.0,1.0
11318,24.0,,102289.0,18.0,300.81,22.0,0.0
11319,35.0,Female,104021.0,13.0,112.96,9.0,1.0
11320,44.0,Female,98513.0,43.0,67.0,9.0,0.0
11321,51.0,Male,39874.0,14.0,485.36,9.0,0.0
11322,44.0,Female,70931.0,28.0,20.77,27.0,0.0
11323,34.0,Male,27674.0,18.0,403.32,17.0,1.0
11324,60.0,Male,70516.0,28.0,396.14,,0.0
11325,61.0,Female,114574.0,27.0,155.63,57.0,0.0
11326,68.0,Male,80686.0,32.0,76.46,45.0,1.0
11327,41.0,Female,114851.0,47.0,81.36,8.0,1.0
11328,42.0,Male,89212.0,9.0,351.74,16.0,0.0
11329,24.0,Male,22426.0,40.0,324.98,18.0,0.0
11330,69.0,Male,110009.0,32.0,393.55,,1.0
11331,23.0,Female,88498.0,20.0,469.37,33.0,1.0
11332,41.0,Female,49943.0,28.0,349.04,1.0,0.0
11333,50.0,Male,86395.0,33.0,86.37,12.0,1.0
11334,66.0,Male,64816.0,4.0,129.29,6.0,1.0
11335,46.0,Female,24138.0,46.0,422.67,41.0,1.0
11336,60.0,Female,111176.0,34.0,112.56,55.0,1.0
11337,39.0,Male,95945.0,,45.54,5.0,0.0
11338,43.0,Male,24017.0,3.0,354.61,59.0,0.0
11339,45.0,Female,30451.0,26.0,207.24,16.0,0.0
11340,,Female,,8.0,460.82,18.0,0.0
11341,38.0,Female,113863.0,6.0,328.62,49.0,1.0
11342,66.0,Female,30278.0,16.0,54.31,18.0,
11343,24.0,Female,110480.0,24.0,474.45,1.0,0.0
11344,34.0,Male,63764.0,48.0,136.69,19.0,0.0
11345,37.0,Female,21134.0,39.0,175.23,54.0,0.0
11346,58.0,Male,82943.0,30.0,207.11,8.0,0.0
11347,66.0,Female,,45.0,35.1,3.0,0.0
11348,37.0,Male,74318.0,13.0,253.29,58.0,0.0
11349,39.0,Female,80128.0,5.0,70.43,25.0,0.0
11350,,Female,108056.0,25.0,206.48,58.0,0.0
11351,57.0,Male,41869.0,20.0,181.85,5.0,0.0
11352,66.0,Male,25039.0,,388.69,,1.0
11353,24.0,Female,41281.0,47.0,403.55,40.0,0.0
11354,18.0,Female,30442.0,18.0,85.17,19.0,0.0
11355,49.0,Female,93788.0,2.0,189.61,18.0,
11356,30.0,Female,47586.0,10.0,192.94,50.0,0.0
11357,47.0,Female,73053.0,45.0,84.19,53.0,
11358,40.0,Male,70489.0,47.0,401.24,31.0,0.0
11359,68.0,Male,103104.0,12.0,356.54,33.0,1.0
11360,36.0,Female,106346.0,47.0,103.29,47.0,0.0
11361,49.0,Male,87087.0,13.0,189.69,18.0,0.0
11362,47.0,Male,32625.0,47.0,61.84,57.0,0.0
11363,46.0,Male,54397.0,11.0,317.82,39.0,1.0
11364,66.0,Female,78671.0,19.0,69.47,16.0,0.0
11365,62.0,Male,111785.0,35.0,493.11,16.0,1.0
11366,46.0,Female,86897.0,39.0,392.53,47.0,0.0
11367,47.0,Male,46149.0,26.0,201.22,38.0,0.0
11368,33.0,Female,80030.0,46.0,293.5,41.0,1.0
11369,57.0,Male,89906.0,14.0,456.56,7.0,1.0
11370,36.0,Female,25283.0,45.0,281.51,14.0,0.0
11371,35.0,Female,27610.0,44.0,95.5,43.0,0.0
11372,18.0,Male,63326.0,24.0,195.56,53.0,0.0
11373,31.0,Female,34924.0,41.0,423.14,48.0,
11374,68.0,Female,96162.0,1.0,325.66,25.0,1.0
11375,64.0,Female,20869.0,43.0,328.85,32.0,0.0
11376,67.0,Female,117088.0,22.0,434.74,38.0,0.0
11377,19.0,Female,21014.0,23.0,448.05,22.0,1.0
11378,45.0,Female,30103.0,19.0,460.7,59.0,1.0
11379,66.0,Female,102522.0,18.0,56.48,16.0,0.0
11380,67.0,Female,116007.0,12.0,276.62,52.0,1.0
11381,47.0,Male,53458.0,28.0,,29.0,0.0
11382,55.0,Male,110605.0,28.0,380.89,16.0,0.0
11383,68.0,,102409.0,33.0,307.29,12.0,1.0
11384,21.0,Female,,19.0,91.73,17.0,0.0
11385,18.0,,109160.0,28.0,400.74,37.0,0.0
11386,25.0,Male,63516.0,49.0,362.85,27.0,0.0
11387,46.0,Male,49061.0,37.0,52.21,,1.0
11388,56.0,Female,44170.0,26.0,237.27,13.0,0.0
11389,20.0,,28024.0,35.0,95.25,8.0,0.0
11390,49.0,Female,102214.0,34.0,175.36,56.0,0.0
11391,27.0,Female,105947.0,35.0,18.86,,0.0
11392,27.0,Male,63803.0,,206.16,12.0,0.0
11393,36.0,Female,39296.0,16.0,279.44,41.0,1.0
11394,63.0,Female,111829.0,38.0,313.6,3.0,0.0
11395,51.0,Female,112708.0,13.0,335.11,35.0,0.0
11396,50.0,Female,106664.0,23.0,,33.0,0.0
11397,40.0,Male,38257.0,22.0,,57.0,0.0
11398,45.0,Male,32855.0,16.0,69.04,22.0,1.0
11399,49.0,Female,105178.0,28.0,427.25,50.0,
11400,67.0,Female,40025.0,48.0,,56.0,
11401,24.0,Male,24458.0,35.0,487.63,44.0,0.0
11402,46.0,Female,83610.0,45.0,422.84,9.0,0.0
11403,,Male,90843.0,46.0,255.43,41.0,0.0
11404,18.0,Female,103961.0,8.0,490.9,18.0,1.0
11405,20.0,Female,69831.0,44.0,57.71,50.0,0.0
11406,41.0,Male,63427.0,22.0,158.5,29.0,1.0
11407,40.0,Male,113809.0,21.0,322.73,39.0,0.0
11408,25.0,Male,58506.0,26.0,181.5,27.0,0.0
11409,64.0,Male,25668.0,40.0,464.9,36.0,0.0
11410,54.0,,111470.0,21.0,42.16,45.0,1.0
11411,20.0,Male,67195.0,25.0,279.21,17.0,0.0
11412,68.0,Female,93233.0,41.0,299.52,56.0,0.0
11413,50.0,,44417.0,1.0,329.84,34.0,
11414,45.0,Male,101982.0,6.0,135.28,46.0,1.0
11415,64.0,Female,,23.0,188.64,3.0,0.0
11416,25.0,Male,66218.0,23.0,423.4,5.0,0.0
11417,,Male,27352.0,43.0,105.52,14.0,1.0
11418,52.0,Male,99052.0,43.0,415.17,3.0,1.0
11419,49.0,Male,108835.0,23.0,285.7,23.0,0.0
11420,41.0,,117493.0,32.0,383.47,39.0,0.0
11421,31.0,Female,48927.0,30.0,359.67,30.0,0.0
11422,49.0,Male,61094.0,13.0,111.68,50.0,0.0
11423,,Male,74122.0,43.0,288.72,45.0,1.0
11424,60.0,,49493.0,18.0,435.18,23.0,0.0
11425,33.0,Female,112247.0,23.0,221.74,27.0,1.0
11426,21.0,Female,93539.0,15.0,483.63,54.0,0.0
11427,,Female,51707.0,33.0,231.59,10.0,0.0
11428,54.0,Female,88814.0,21.0,79.96,25.0,0.0
11429,38.0,Male,27296.0,39.0,200.82,,1.0
11430,31.0,Male,45398.0,23.0,476.33,16.0,0.0
11431,48.0,Male,55842.0,27.0,166.66,41.0,0.0
11432,65.0,Female,33261.0,45.0,435.37,34.0,0.0
11433,35.0,Male,96709.0,44.0,441.81,55.0,1.0
11434,24.0,Female,115985.0,18.0,181.59,37.0,1.0
11435,27.0,Female,76704.0,,50.8,22.0,0.0
11436,,Male,87173.0,47.0,365.03,17.0,0.0
11437,50.0,Male,51781.0,40.0,162.64,23.0,1.0
11438,40.0,Male,33652.0,42.0,393.63,54.0,1.0
11439,38.0,Female,,7.0,,36.0,0.0
11440,36.0,Female,45500.0,48.0,247.78,49.0,0.0
11441,65.0,Male,55529.0,20.0,391.18,9.0,0.0
11442,36.0,Male,38452.0,27.0,197.36,52.0,0.0
11443,53.0,Female,69393.0,6.0,227.13,2.0,1.0
11444,46.0,Male,51174.0,27.0,194.33,32.0,0.0
11445,35.0,Female,84450.0,9.0,190.0,56.0,0.0
11446,19.0,Female,55436.0,45.0,,50.0,0.0
11447,18.0,Male,67406.0,31.0,406.31,53.0,1.0
11448,64.0,Male,83059.0,21.0,187.27,59.0,0.0
11449,22.0,Male,35954.0,26.0,266.88,,0.0
11450,37.0,Male,102722.0,40.0,338.66,43.0,0.0
11451,28.0,Female,32356.0,48.0,142.03,13.0,0.0
11452,59.0,Female,118499.0,45.0,145.99,8.0,0.0
11453,19.0,Female,22187.0,13.0,467.37,,1.0
11454,20.0,Male,97243.0,49.0,364.53,1.0,0.0
11455,,Female,55098.0,23.0,292.82,17.0,0.0
11456,29.0,Male,112471.0,20.0,327.38,12.0,0.0
11457,37.0,Male,41225.0,37.0,24.36,4.0,
11458,22.0,Male,23606.0,28.0,312.87,53.0,0.0
11459,54.0,Male,77620.0,17.0,259.66,13.0,0.0
11460,55.0,Male,52828.0,28.0,277.42,31.0,0.0
11461,47.0,Male,46489.0,41.0,186.12,41.0,0.0
11462,26.0,Female,34387.0,2.0,,59.0,1.0
11463,51.0,Male,89463.0,25.0,104.74,7.0,0.0
11464,61.0,Female,91832.0,41.0,475.86,23.0,0.0
11465,52.0,Female,115980.0,6.0,210.26,24.0,0.0
11466,,Male,22591.0,11.0,238.67,,1.0
11467,39.0,Male,68516.0,38.0,35.83,5.0,0.0
11468,61.0,Male,111683.0,6.0,28.41,17.0,1.0
11469,41.0,Female,82061.0,45.0,361.42,30.0,0.0
11470,34.0,Male,86736.0,11.0,273.67,9.0,1.0
11471,27.0,,101257.0,14.0,259.27,6.0,0.0
11472,47.0,Male,81753.0,,129.13,25.0,0.0
11473,63.0,Male,104774.0,40.0,374.93,19.0,0.0
11474,40.0,Female,31087.0,3.0,92.44,16.0,0.0
11475,49.0,Female,,35.0,103.07,21.0,1.0
11476,34.0,Male,43408.0,33.0,235.75,2.0,
11477,67.0,Female,20136.0,24.0,150.28,10.0,1.0
11478,68.0,Female,37413.0,,131.26,16.0,0.0
11479,34.0,Female,79500.0,18.0,326.17,37.0,0.0
11480,31.0,Female,104514.0,49.0,328.98,15.0,0.0
11481,26.0,Female,76358.0,24.0,414.01,13.0,0.0
11482,57.0,Male,86197.0,45.0,214.68,13.0,
11483,19.0,Male,112789.0,35.0,45.81,32.0,0.0
11484,,Female,112420.0,1.0,144.1,45.0,0.0
11485,42.0,Male,52854.0,36.0,490.2,47.0,1.0
11486,56.0,Male,96240.0,25.0,302.17,46.0,0.0
11487,26.0,Female,110063.0,45.0,,8.0,0.0
11488,39.0,Male,36322.0,49.0,13.61,43.0,0.0
11489,60.0,,26968.0,43.0,263.92,18.0,0.0
11490,63.0,Female,47518.0,34.0,28.39,56.0,0.0
11491,21.0,Male,71925.0,25.0,288.92,36.0,0.0
11492,43.0,Female,79848.0,16.0,,26.0,0.0
11493,46.0,Female,113422.0,34.0,484.53,10.0,1.0
11494,62.0,Female,21700.0,29.0,274.87,31.0,0.0
11495,51.0,Female,113782.0,19.0,234.52,33.0,1.0
11496,40.0,Female,43199.0,23.0,473.06,29.0,0.0
11497,54.0,Male,64589.0,19.0,340.07,5.0,0.0
11498,28.0,Male,52115.0,25.0,41.8,13.0,0.0
11499,23.0,Female,81934.0,16.0,238.21,1.0,0.0
11500,35.0,Female,74316.0,9.0,127.72,23.0,0.0
11501,38.0,Male,25520.0,1.0,240.2,40.0,1.0
11502,59.0,Female,56455.0,42.0,233.18,3.0,1.0
11503,,Male,106465.0,19.0,295.25,3.0,0.0
11504,58.0,,61605.0,33.0,184.82,7.0,0.0
11505,55.0,Female,34955.0,34.0,90.49,36.0,0.0
11506,51.0,Female,64049.0,16.0,256.82,35.0,0.0
11507,34.0,Female,33917.0,44.0,416.8,15.0,0.0
11508,54.0,Female,90293.0,40.0,335.37,40.0,1.0
11509,42.0,Female,98581.0,18.0,175.8,3.0,0.0
11510,55.0,Female,84925.0,34.0,468.41,29.0,1.0
11511,29.0,Male,90269.0,25.0,456.98,,0.0
11512,40.0,Male,50954.0,45.0,112.58,39.0,0.0
11513,59.0,Male,116671.0,,29.31,18.0,0.0
11514,,Female,92617.0,21.0,373.24,11.0,0.0
11515,38.0,Female,61458.0,6.0,415.53,43.0,
11516,,Female,109037.0,32.0,484.25,49.0,0.0
11517,48.0,Female,41113.0,41.0,446.02,38.0,1.0
11518,23.0,Female,119977.0,48.0,304.26,40.0,1.0
11519,44.0,Female,110226.0,43.0,269.73,1.0,0.0
11520,57.0,Female,63939.0,39.0,23.64,29.0,1.0
11521,51.0,Male,49345.0,31.0,130.86,10.0,0.0
11522,29.0,Female,66313.0,42.0,235.21,,1.0
11523,62.0,Male,112365.0,10.0,317.97,57.0,0.0
11524,24.0,Male,89166.0,30.0,283.05,31.0,0.0
11525,27.0,Female,67861.0,18.0,373.89,19.0,0.0
11526,62.0,Female,,24.0,147.09,3.0,0.0
11527,34.0,Male,69298.0,9.0,286.83,36.0,0.0
11528,43.0,Male,67221.0,31.0,53.19,43.0,0.0
11529,38.0,Female,64942.0,15.0,212.7,15.0,0.0
11530,45.0,Female,23453.0,4.0,377.58,33.0,0.0
11531,63.0,Male,74935.0,40.0,349.77,41.0,0.0
11532,19.0,Female,63370.0,9.0,495.41,43.0,0.0
11533,60.0,Female,28328.0,45.0,146.17,51.0,0.0
11534,18.0,Female,35534.0,9.0,254.11,45.0,0.0
11535,68.0,Male,105280.0,26.0,171.47,26.0,1.0
11536,53.0,Male,104925.0,4.0,225.9,16.0,0.0
11537,68.0,Male,56320.0,17.0,429.91,36.0,0.0
11538,43.0,Female,69170.0,16.0,345.26,33.0,0.0
11539,46.0,Female,100201.0,15.0,,20.0,0.0
11540,38.0,Male,28640.0,35.0,109.72,13.0,0.0
11541,28.0,Male,111057.0,5.0,437.95,33.0,0.0
11542,57.0,Male,50049.0,5.0,39.28,5.0,0.0
11543,28.0,Female,25618.0,20.0,445.41,37.0,1.0
11544,53.0,Male,76053.0,15.0,171.25,14.0,0.0
11545,66.0,Male,21920.0,18.0,164.15,27.0,1.0
11546,56.0,Female,63937.0,,260.92,23.0,0.0
11547,57.0,Female,89724.0,2.0,470.94,14.0,0.0
11548,52.0,Female,,29.0,,40.0,0.0
11549,,Male,85774.0,13.0,182.59,4.0,0.0
11550,64.0,Female,52972.0,4.0,429.72,39.0,0.0
11551,41.0,Female,30799.0,42.0,204.07,52.0,0.0
11552,39.0,Male,91088.0,45.0,107.59,19.0,0.0
11553,22.0,Female,48916.0,10.0,218.15,47.0,1.0
11554,50.0,Male,90463.0,31.0,198.92,54.0,1.0
11555,53.0,Male,113500.0,41.0,458.55,4.0,0.0
11556,64.0,Female,96700.0,8.0,383.35,30.0,1.0
11557,37.0,Female,57158.0,3.0,257.51,19.0,0.0
11558,36.0,Female,104607.0,48.0,494.3,31.0,0.0
11559,52.0,Female,91696.0,46.0,237.99,31.0,0.0
11560,69.0,Female,81510.0,9.0,38.54,9.0,0.0
11561,60.0,Female,78692.0,30.0,138.51,53.0,0.0
11562,34.0,Male,81744.0,11.0,223.67,13.0,1.0
11563,62.0,Male,35810.0,35.0,86.88,14.0,0.0
11564,60.0,Female,25126.0,37.0,474.31,55.0,0.0
11565,51.0,Male,50009.0,42.0,385.76,46.0,1.0
11566,26.0,Female,,13.0,141.46,54.0,0.0
11567,43.0,Male,110932.0,36.0,299.49,,0.0
11568,19.0,Male,20192.0,13.0,363.51,48.0,0.0
11569,26.0,Male,56413.0,12.0,471.23,31.0,0.0
11570,26.0,Female,32816.0,,442.0,37.0,0.0
11571,57.0,Male,59082.0,10.0,262.44,23.0,0.0
11572,34.0,Female,85048.0,9.0,389.58,27.0,
11573,18.0,Male,70940.0,7.0,285.45,6.0,1.0
11574,42.0,Male,52130.0,2.0,280.82,26.0,1.0
11575,60.0,Male,60142.0,,66.22,2.0,0.0
11576,57.0,Male,56468.0,39.0,71.81,45.0,0.0
11577,,Male,50698.0,40.0,269.47,13.0,0.0
11578,42.0,Female,30655.0,39.0,141.74,51.0,1.0
11579,56.0,Female,67897.0,21.0,20.31,50.0,0.0
11580,52.0,Male,50075.0,23.0,364.19,19.0,0.0
11581,20.0,Male,,29.0,25.92,1.0,1.0
11582,67.0,Male,62056.0,14.0,301.69,40.0,1.0
11583,54.0,Male,71831.0,,274.2,32.0,0.0
11584,61.0,Female,79191.0,5.0,484.72,22.0,0.0
11585,61.0,Male,53272.0,31.0,247.26,48.0,0.0
11586,68.0,Female,34671.0,25.0,41.16,29.0,
11587,47.0,Male,47048.0,31.0,280.33,2.0,0.0
11588,55.0,Female,96274.0,20.0,422.14,,0.0
11589,51.0,Male,45963.0,44.0,498.46,38.0,
11590,29.0,Male,63954.0,17.0,220.87,48.0,0.0
11591,36.0,Female,92309.0,45.0,166.95,55.0,0.0
11592,54.0,Male,115430.0,2.0,454.26,11.0,0.0
11593,61.0,Male,20717.0,25.0,103.71,17.0,0.0
11594,66.0,Male,31676.0,13.0,311.56,55.0,1.0
11595,34.0,Female,24434.0,39.0,208.8,51.0,0.0
11596,27.0,Male,69810.0,28.0,30.13,43.0,0.0
11597,66.0,Male,114636.0,42.0,180.17,8.0,0.0
11598,64.0,Female,24994.0,,139.96,22.0,0.0
11599,29.0,Female,24234.0,3.0,346.18,4.0,0.0
11600,33.0,Female,89300.0,35.0,474.91,11.0,1.0
11601,41.0,Male,63949.0,18.0,,8.0,0.0
11602,36.0,Male,57405.0,11.0,407.62,9.0,1.0
11603,25.0,Male,54872.0,20.0,37.13,26.0,0.0
11604,48.0,Female,62215.0,5.0,,2.0,0.0
11605,38.0,Male,,19.0,44.57,16.0,
11606,34.0,Male,63442.0,22.0,467.68,31.0,0.0
11607,40.0,Female,71759.0,19.0,385.51,6.0,0.0
11608,54.0,Female,61153.0,47.0,332.4,53.0,0.0
11609,33.0,Female,97535.0,16.0,413.71,,0.0
11610,23.0,Female,22581.0,24.0,327.28,26.0,1.0
11611,25.0,Female,71717.0,41.0,484.78,59.0,1.0
11612,42.0,Male,22763.0,4.0,359.84,19.0,1.0
11613,35.0,Female,112910.0,15.0,463.08,28.0,0.0
11614,42.0,Male,75480.0,25.0,263.39,8.0,0.0
11615,29.0,Male,58759.0,44.0,67.36,,0.0
11616,32.0,Female,96067.0,35.0,268.81,24.0,1.0
11617,43.0,Female,45307.0,14.0,72.17,48.0,0.0
11618,58.0,Female,116371.0,49.0,300.32,,0.0
11619,62.0,Male,31064.0,19.0,246.42,37.0,
11620,43.0,Female,96848.0,38.0,315.06,56.0,
11621,64.0,Female,57548.0,36.0,14.92,26.0,0.0
11622,49.0,Female,56945.0,7.0,105.47,31.0,1.0
11623,27.0,Female,67937.0,30.0,250.75,56.0,0.0
11624,33.0,Female,26476.0,19.0,475.75,,0.0
11625,24.0,Male,,49.0,197.97,32.0,0.0
11626,34.0,Male,110101.0,25.0,217.94,50.0,0.0
11627,40.0,,22382.0,16.0,360.2,41.0,1.0
11628,43.0,Female,69683.0,47.0,305.86,2.0,
11629,38.0,Female,107999.0,40.0,,25.0,0.0
11630,39.0,Female,65276.0,8.0,211.3,52.0,0.0
11631,24.0,Male,53402.0,18.0,116.67,44.0,1.0
11632,31.0,Female,111881.0,28.0,483.35,2.0,0.0
11633,32.0,Female,46946.0,16.0,74.01,42.0,0.0
11634,24.0,Female,99698.0,19.0,192.2,1.0,0.0
11635,26.0,Male,93933.0,42.0,22.66,36.0,0.0
11636,68.0,Female,42335.0,,118.67,57.0,0.0
11637,65.0,Male,65095.0,45.0,392.43,12.0,0.0
11638,25.0,,99930.0,13.0,,9.0,0.0
11639,67.0,Male,,7.0,49.23,36.0,0.0
11640,40.0,Male,,,,41.0,1.0
11641,46.0,Male,44123.0,10.0,14.88,28.0,0.0
11642,35.0,Female,107923.0,34.0,51.54,38.0,0.0
11643,48.0,Female,22890.0,36.0,405.74,33.0,0.0
11644,47.0,Male,113305.0,25.0,388.02,42.0,1.0
11645,69.0,Male,28026.0,6.0,458.42,46.0,1.0
11646,56.0,Female,84925.0,24.0,428.71,22.0,0.0
11647,52.0,Female,,18.0,344.76,25.0,1.0
11648,35.0,Male,53665.0,23.0,35.64,18.0,0.0
11649,59.0,Female,29277.0,6.0,393.6,,0.0
11650,56.0,Female,62239.0,29.0,424.3,18.0,0.0
11651,,Female,67664.0,25.0,401.55,52.0,1.0
11652,31.0,Female,68008.0,17.0,259.15,16.0,0.0
11653,48.0,Male,34683.0,46.0,124.12,15.0,
11654,41.0,Female,20670.0,24.0,424.21,48.0,0.0
11655,52.0,,109211.0,11.0,366.31,8.0,0.0
11656,61.0,Male,37889.0,26.0,490.57,13.0,0.0
11657,62.0,Male,75612.0,34.0,86.29,55.0,1.0
11658,51.0,Female,64535.0,28.0,120.58,43.0,0.0
11659,20.0,Female,98542.0,3.0,113.78,57.0,0.0
11660,54.0,Female,74319.0,11.0,398.34,7.0,0.0
11661,60.0,Female,112067.0,,101.58,17.0,1.0
11662,57.0,Male,41639.0,14.0,42.66,50.0,0.0
11663,43.0,Male,84712.0,26.0,499.29,32.0,0.0
11664,40.0,,36633.0,48.0,,22.0,0.0
11665,61.0,Female,54660.0,21.0,419.27,55.0,1.0
11666,56.0,Female,88975.0,39.0,189.03,51.0,1.0
11667,32.0,Female,52172.0,30.0,,57.0,1.0
11668,66.0,Female,79197.0,8.0,281.76,13.0,0.0
11669,21.0,,78847.0,20.0,451.8,47.0,0.0
11670,46.0,Male,31577.0,48.0,463.83,,1.0
11671,39.0,Female,97299.0,32.0,14.46,54.0,0.0
11672,42.0,,40176.0,22.0,46.95,29.0,
11673,30.0,Female,64386.0,7.0,132.68,22.0,0.0
11674,35.0,Female,83972.0,9.0,337.96,1.0,1.0
11675,50.0,Male,109791.0,45.0,445.25,,0.0
11676,33.0,Female,,1.0,235.37,48.0,0.0
11677,62.0,Female,39996.0,29.0,307.42,5.0,1.0
11678,59.0,Male,106598.0,8.0,102.36,58.0,0.0
11679,61.0,Female,55931.0,4.0,404.43,35.0,0.0
11680,19.0,Female,55710.0,35.0,483.99,55.0,1.0
11681,52.0,Male,54693.0,3.0,141.61,10.0,1.0
11682,59.0,Female,55740.0,45.0,,19.0,1.0
11683,51.0,Male,97241.0,40.0,52.2,37.0,0.0
11684,47.0,Female,113583.0,7.0,283.98,7.0,0.0
11685,30.0,Male,96502.0,27.0,256.36,46.0,1.0
11686,30.0,Male,37374.0,1.0,80.77,35.0,0.0
11687,35.0,Male,96674.0,27.0,226.61,45.0,1.0
11688,49.0,Female,101471.0,16.0,173.71,13.0,1.0
11689,49.0,Male,65913.0,38.0,265.7,10.0,0.0
11690,52.0,,86025.0,7.0,296.97,2.0,1.0
11691,56.0,Male,64516.0,44.0,14.16,6.0,1.0
11692,63.0,Male,107796.0,23.0,382.89,8.0,
11693,69.0,Male,46069.0,41.0,359.38,36.0,0.0
11694,46.0,Female,76233.0,11.0,189.48,25.0,0.0
11695,66.0,Female,104811.0,42.0,35.94,44.0,0.0
11696,46.0,,79049.0,33.0,379.92,47.0,0.0
11697,,Female,59178.0,36.0,478.04,40.0,0.0
11698,33.0,Female,52821.0,37.0,127.67,7.0,1.0
11699,61.0,Female,71727.0,41.0,168.53,46.0,1.0
11700,64.0,Female,80935.0,17.0,100.07,23.0,0.0
11701,27.0,Male,36999.0,35.0,292.7,19.0,0.0
11702,47.0,Female,82522.0,48.0,85.87,46.0,0.0
11703,42.0,Male,58712.0,5.0,184.54,22.0,1.0
11704,56.0,Male,84551.0,48.0,351.54,13.0,0.0
11705,37.0,Female,60172.0,,284.46,21.0,0.0
11706,22.0,Male,53722.0,,199.37,1.0,1.0
11707,18.0,Male,30625.0,47.0,,59.0,0.0
11708,47.0,Male,87165.0,35.0,285.43,19.0,1.0
11709,66.0,Male,96509.0,14.0,12.87,33.0,1.0
11710,20.0,Female,26859.0,48.0,48.47,4.0,1.0
11711,62.0,,61609.0,,441.82,42.0,0.0
11712,31.0,Female,63307.0,31.0,48.16,3.0,0.0
11713,47.0,Female,41839.0,17.0,356.33,27.0,1.0
11714,67.0,Female,47216.0,24.0,460.82,52.0,0.0
11715,21.0,Female,72953.0,23.0,142.63,41.0,0.0
11716,35.0,Female,104481.0,18.0,191.54,35.0,0.0
11717,54.0,Female,80593.0,14.0,288.77,28.0,0.0
11718,42.0,Female,92075.0,15.0,442.04,6.0,0.0
11719,65.0,Female,69522.0,15.0,471.53,6.0,0.0
11720,18.0,Male,119161.0,6.0,372.39,55.0,0.0
11721,63.0,Female,24886.0,27.0,52.44,57.0,0.0
11722,32.0,Male,27485.0,15.0,337.89,44.0,0.0
11723,26.0,Male,51455.0,,211.05,23.0,0.0
11724,32.0,Male,36767.0,8.0,240.64,33.0,0.0
11725,66.0,Male,48453.0,15.0,34.08,16.0,0.0
11726,41.0,Female,96280.0,3.0,103.62,24.0,0.0
11727,21.0,Male,73442.0,47.0,397.35,5.0,0.0
11728,29.0,Female,71877.0,13.0,232.44,41.0,0.0
11729,54.0,Female,32226.0,41.0,157.81,42.0,0.0
11730,54.0,Male,113405.0,34.0,198.17,13.0,0.0
11731,60.0,Female,42588.0,24.0,428.66,47.0,0.0
11732,23.0,Male,98976.0,40.0,377.01,12.0,1.0
11733,56.0,Male,51709.0,,143.43,5.0,0.0
11734,63.0,Female,67788.0,32.0,67.58,37.0,1.0
11735,41.0,Female,108031.0,30.0,133.48,31.0,0.0
11736,28.0,Male,57019.0,49.0,461.17,28.0,1.0
11737,30.0,Female,64948.0,13.0,294.98,28.0,0.0
11738,51.0,Female,85133.0,1.0,,30.0,0.0
11739,42.0,Female,,34.0,302.23,18.0,0.0
11740,24.0,Male,47526.0,15.0,189.35,44.0,0.0
11741,69.0,Male,93493.0,44.0,,27.0,0.0
11742,21.0,Female,72198.0,14.0,,35.0,0.0
11743,25.0,Female,119534.0,29.0,67.21,26.0,0.0
11744,,Female,63395.0,34.0,73.24,57.0,0.0
11745,46.0,,44031.0,18.0,273.06,39.0,1.0
11746,68.0,Female,95542.0,7.0,468.92,49.0,0.0
11747,,Male,57701.0,29.0,161.09,,1.0
11748,63.0,Female,45939.0,31.0,436.08,,0.0
11749,27.0,Male,69145.0,25.0,,33.0,0.0
11750,60.0,Female,40324.0,38.0,131.43,25.0,0.0
11751,51.0,Male,42867.0,14.0,27.81,56.0,0.0
11752,43.0,Female,20203.0,8.0,59.91,31.0,0.0
11753,,Male,36544.0,27.0,366.96,37.0,0.0
11754,66.0,Female,35899.0,2.0,107.84,59.0,0.0
11755,20.0,Male,49063.0,17.0,191.92,2.0,1.0
11756,23.0,Male,110880.0,37.0,255.83,33.0,0.0
11757,22.0,Male,23748.0,14.0,365.48,39.0,1.0
11758,22.0,Male,86629.0,25.0,65.48,43.0,1.0
11759,64.0,Male,100764.0,30.0,209.12,43.0,1.0
11760,40.0,Male,40884.0,29.0,247.69,32.0,0.0
11761,66.0,Female,45183.0,20.0,275.01,18.0,
11762,26.0,Male,101570.0,21.0,411.0,17.0,0.0
11763,52.0,Female,91246.0,22.0,94.12,34.0,0.0
11764,37.0,Female,39259.0,35.0,405.84,39.0,0.0
11765,66.0,Female,55959.0,37.0,349.51,7.0,0.0
11766,59.0,Female,53457.0,16.0,282.38,42.0,0.0
11767,52.0,Female,105679.0,49.0,352.77,54.0,0.0
11768,67.0,Male,22103.0,43.0,211.89,53.0,1.0
11769,35.0,Male,85901.0,17.0,77.81,,0.0
11770,34.0,Male,64535.0,16.0,336.22,,0.0
11771,41.0,Female,36103.0,2.0,267.09,,1.0
11772,20.0,Male,118046.0,4.0,323.29,35.0,0.0
11773,49.0,Male,110012.0,21.0,175.62,11.0,0.0
11774,52.0,Male,98278.0,39.0,454.36,44.0,1.0
11775,55.0,Male,,34.0,297.81,57.0,0.0
11776,30.0,Male,48901.0,,51.85,4.0,0.0
11777,64.0,Female,117537.0,6.0,230.4,25.0,0.0
11778,42.0,Male,101159.0,17.0,380.61,48.0,0.0
11779,26.0,Female,87914.0,39.0,399.13,32.0,0.0
11780,21.0,Female,70357.0,25.0,252.35,20.0,0.0
11781,,Female,106908.0,5.0,448.43,50.0,0.0
11782,54.0,Female,58437.0,,141.16,31.0,
11783,51.0,,55503.0,20.0,211.19,4.0,1.0
11784,28.0,Male,116282.0,,450.31,54.0,0.0
11785,58.0,Male,,41.0,449.17,38.0,1.0
11786,20.0,Male,95403.0,37.0,346.0,53.0,0.0
11787,45.0,Female,61258.0,40.0,430.9,47.0,1.0
11788,46.0,Male,53724.0,9.0,53.5,1.0,0.0
11789,26.0,Male,84286.0,,433.85,3.0,0.0
11790,20.0,Female,94842.0,42.0,,37.0,0.0
11791,42.0,Female,34908.0,2.0,97.38,22.0,1.0
11792,51.0,Female,112617.0,9.0,127.29,,0.0
11793,29.0,Female,70626.0,43.0,,14.0,0.0
11794,59.0,Male,57228.0,36.0,133.08,41.0,0.0
11795,,,43386.0,22.0,167.08,35.0,1.0
11796,32.0,Female,66754.0,,76.14,58.0,0.0
11797,57.0,Male,48302.0,22.0,155.13,13.0,0.0
11798,42.0,Male,80815.0,34.0,290.42,35.0,0.0
11799,22.0,Female,104748.0,29.0,226.51,43.0,0.0
11800,,Male,83344.0,38.0,179.89,2.0,1.0
11801,51.0,Female,55618.0,,375.76,56.0,1.0
11802,41.0,Female,96234.0,33.0,447.82,47.0,
11803,32.0,Male,81114.0,18.0,380.83,13.0,0.0
11804,55.0,Male,90130.0,7.0,172.68,51.0,1.0
11805,25.0,Female,45525.0,1.0,374.78,54.0,0.0
11806,22.0,Female,99818.0,33.0,84.47,16.0,1.0
11807,65.0,Female,34334.0,1.0,73.86,18.0,0.0
11808,43.0,Male,114715.0,24.0,179.36,7.0,0.0
11809,35.0,Female,82767.0,4.0,405.77,,0.0
11810,23.0,Female,26644.0,,130.71,36.0,0.0
11811,54.0,Female,52933.0,18.0,40.99,41.0,1.0
11812,65.0,Female,63469.0,27.0,74.54,30.0,
11813,30.0,Female,53687.0,43.0,430.79,42.0,1.0
11814,,Male,72656.0,32.0,320.55,41.0,0.0
11815,22.0,Female,37375.0,33.0,134.07,7.0,1.0
11816,30.0,Female,85206.0,28.0,282.09,15.0,0.0
11817,34.0,Female,116462.0,42.0,268.51,40.0,1.0
11818,67.0,Female,56607.0,41.0,331.16,19.0,0.0
11819,57.0,Male,103178.0,36.0,124.26,43.0,1.0
11820,62.0,Male,43993.0,6.0,433.56,37.0,0.0
11821,49.0,Male,64386.0,16.0,161.59,2.0,0.0
11822,46.0,Female,66287.0,34.0,350.12,42.0,1.0
11823,68.0,Female,106724.0,23.0,17.9,48.0,0.0
11824,20.0,Male,118132.0,42.0,192.6,55.0,0.0
11825,57.0,Male,113308.0,24.0,182.34,13.0,0.0
11826,51.0,Male,116393.0,49.0,276.31,40.0,0.0
11827,,Female,96312.0,13.0,45.64,41.0,0.0
11828,44.0,Female,118371.0,18.0,397.16,43.0,0.0
11829,30.0,Male,95324.0,13.0,116.71,43.0,
11830,62.0,Male,91196.0,49.0,341.75,,0.0
11831,50.0,Male,90014.0,37.0,403.57,58.0,0.0
11832,23.0,Female,28210.0,43.0,285.32,31.0,1.0
11833,41.0,Female,30922.0,39.0,373.03,16.0,0.0
11834,36.0,Female,56289.0,42.0,334.31,42.0,0.0
11835,33.0,Male,53340.0,17.0,184.21,56.0,0.0
11836,57.0,Male,59850.0,15.0,,44.0,0.0
11837,45.0,Female,76984.0,18.0,154.4,57.0,0.0
11838,50.0,Male,104178.0,23.0,289.89,6.0,0.0
11839,65.0,Female,31094.0,30.0,375.24,28.0,0.0
11840,58.0,Male,107959.0,34.0,195.69,32.0,0.0
11841,30.0,Male,53418.0,4.0,158.36,,0.0
11842,60.0,,25741.0,3.0,235.08,10.0,1.0
11843,62.0,Male,92374.0,7.0,410.8,50.0,0.0
11844,42.0,Female,,18.0,465.66,18.0,0.0
11845,59.0,Male,90532.0,42.0,277.09,4.0,0.0
11846,53.0,Female,42164.0,7.0,334.12,9.0,1.0
11847,44.0,Female,55595.0,40.0,452.6,7.0,1.0
11848,55.0,Female,50257.0,6.0,58.29,50.0,1.0
11849,24.0,Male,34211.0,22.0,123.72,8.0,0.0
11850,22.0,Female,115989.0,,357.36,43.0,0.0
11851,60.0,Female,25232.0,4.0,413.63,7.0,0.0
11852,62.0,Female,87753.0,46.0,429.94,41.0,1.0
11853,68.0,Male,72691.0,49.0,213.4,40.0,1.0
11854,48.0,Male,109765.0,43.0,53.78,3.0,0.0
11855,40.0,Female,99768.0,29.0,224.51,17.0,0.0
11856,59.0,Male,45613.0,21.0,123.06,2.0,0.0
11857,27.0,Female,34026.0,26.0,152.69,15.0,0.0
11858,49.0,Female,,14.0,388.41,46.0,0.0
11859,60.0,Male,,9.0,47.01,29.0,0.0
11860,47.0,Female,50908.0,47.0,415.51,50.0,0.0
11861,56.0,Male,72113.0,12.0,219.56,48.0,0.0
11862,48.0,Male,39610.0,42.0,302.07,,0.0
11863,35.0,Female,,,53.93,22.0,0.0
11864,53.0,Male,83185.0,20.0,175.31,4.0,0.0
11865,19.0,Male,92567.0,24.0,53.95,57.0,0.0
11866,31.0,Female,67574.0,27.0,,52.0,1.0
11867,,Female,111051.0,38.0,405.56,6.0,1.0
11868,46.0,Male,56182.0,8.0,235.22,,0.0
11869,29.0,Male,20570.0,1.0,119.57,26.0,0.0
11870,56.0,Female,117790.0,,467.39,11.0,0.0
11871,19.0,Male,39288.0,49.0,178.85,26.0,0.0
11872,49.0,Male,98824.0,,88.88,17.0,1.0
11873,30.0,Male,49877.0,47.0,285.95,24.0,1.0
11874,63.0,Male,104425.0,7.0,472.45,28.0,0.0
11875,44.0,,20917.0,19.0,11.88,35.0,1.0
11876,66.0,Male,95602.0,22.0,126.68,31.0,1.0
11877,58.0,Male,115040.0,35.0,469.84,13.0,1.0
11878,34.0,Female,84575.0,30.0,93.83,54.0,0.0
11879,57.0,Female,92518.0,29.0,65.49,35.0,0.0
11880,48.0,Female,59104.0,,289.39,16.0,0.0
11881,51.0,Female,38062.0,11.0,432.3,15.0,0.0
11882,41.0,Female,36999.0,20.0,243.78,43.0,0.0
11883,62.0,Male,81845.0,29.0,497.34,18.0,1.0
11884,52.0,Male,29941.0,41.0,342.79,,0.0
11885,65.0,Male,81169.0,42.0,46.3,37.0,1.0
11886,23.0,Male,43470.0,34.0,496.49,48.0,0.0
11887,,Female,79821.0,1.0,209.87,48.0,0.0
11888,47.0,Male,106669.0,31.0,150.83,49.0,
11889,24.0,Male,64435.0,30.0,283.36,41.0,0.0
11890,27.0,Female,24529.0,48.0,159.11,27.0,0.0
11891,58.0,Male,103055.0,18.0,52.36,55.0,1.0
11892,49.0,Male,32192.0,17.0,10.7,35.0,1.0
11893,51.0,Female,94102.0,38.0,230.3,52.0,0.0
11894,45.0,Male,92762.0,14.0,420.06,45.0,1.0
11895,32.0,Male,106795.0,23.0,290.43,54.0,0.0
11896,47.0,Male,54087.0,25.0,499.61,35.0,1.0
11897,54.0,Male,86677.0,15.0,150.55,28.0,1.0
11898,46.0,Male,24627.0,46.0,147.42,39.0,0.0
11899,39.0,Female,76541.0,22.0,88.28,38.0,0.0
11900,21.0,Female,88226.0,3.0,,9.0,0.0
11901,37.0,Female,23255.0,19.0,,12.0,0.0
11902,,Female,77433.0,44.0,398.49,15.0,1.0
11903,53.0,Female,25213.0,34.0,453.82,21.0,0.0
11904,,Female,39404.0,35.0,487.79,52.0,1.0
11905,21.0,Male,45380.0,,123.82,35.0,1.0
11906,44.0,Female,111056.0,21.0,441.84,42.0,1.0
11907,34.0,Female,39173.0,29.0,170.84,33.0,1.0
11908,29.0,Male,73027.0,6.0,,51.0,
11909,39.0,Male,43989.0,37.0,436.31,19.0,0.0
11910,34.0,Female,44519.0,1.0,,,0.0
11911,27.0,,42439.0,1.0,90.72,23.0,0.0
11912,18.0,Female,96949.0,27.0,220.62,13.0,0.0
11913,39.0,,34995.0,21.0,150.76,44.0,0.0
11914,43.0,Female,43559.0,,371.03,1.0,0.0
11915,35.0,Male,109049.0,,232.17,51.0,1.0
11916,67.0,Male,25021.0,40.0,494.75,29.0,1.0
11917,31.0,Female,118000.0,26.0,36.83,24.0,0.0
11918,64.0,Female,41119.0,16.0,183.96,16.0,0.0
11919,46.0,Female,71539.0,28.0,,25.0,0.0
11920,29.0,Female,114835.0,1.0,256.54,55.0,0.0
11921,53.0,Female,59350.0,36.0,164.81,23.0,1.0
11922,,Male,66223.0,10.0,367.33,28.0,
11923,69.0,Female,45517.0,43.0,438.63,47.0,1.0
11924,29.0,Female,98653.0,17.0,469.97,16.0,0.0
11925,24.0,Male,42250.0,23.0,404.5,43.0,0.0
11926,46.0,,104486.0,7.0,426.78,56.0,0.0
11927,28.0,Female,102895.0,44.0,279.77,,
11928,50.0,Male,109132.0,7.0,414.69,,
11929,23.0,Male,111066.0,44.0,158.72,3.0,1.0
11930,64.0,Female,86798.0,15.0,205.25,15.0,1.0
11931,32.0,Male,74199.0,34.0,165.29,1.0,0.0
11932,49.0,Male,79546.0,46.0,239.02,7.0,1.0
11933,68.0,Female,108151.0,45.0,149.93,1.0,0.0
11934,28.0,Female,23327.0,4.0,,49.0,1.0
11935,40.0,Male,49768.0,14.0,163.29,32.0,0.0
11936,43.0,Male,84418.0,14.0,58.04,9.0,1.0
11937,51.0,Female,114386.0,16.0,268.14,29.0,0.0
11938,63.0,Male,62788.0,7.0,37.98,26.0,0.0
11939,51.0,Male,102384.0,32.0,64.17,23.0,0.0
11940,46.0,Male,66830.0,19.0,117.5,45.0,0.0
11941,21.0,Female,72446.0,2.0,237.53,43.0,0.0
11942,34.0,Male,35160.0,10.0,222.29,29.0,0.0
11943,52.0,Male,,17.0,,52.0,1.0
11944,30.0,Female,53998.0,37.0,372.34,38.0,1.0
11945,58.0,Male,47230.0,12.0,218.9,33.0,1.0
11946,56.0,,29076.0,6.0,173.52,7.0,1.0
11947,32.0,Female,89341.0,22.0,165.07,12.0,1.0
11948,46.0,Female,,32.0,389.26,31.0,0.0
11949,46.0,Female,75571.0,41.0,35.52,32.0,0.0
11950,28.0,Female,34715.0,20.0,16.28,54.0,1.0
11951,69.0,,25750.0,1.0,399.82,20.0,1.0
11952,49.0,Male,98768.0,47.0,243.8,55.0,0.0
11953,19.0,Female,55903.0,6.0,74.13,,0.0
11954,64.0,Female,92489.0,19.0,125.43,17.0,0.0
11955,31.0,Male,,18.0,466.93,36.0,1.0
11956,37.0,Female,111036.0,6.0,431.16,3.0,0.0
11957,39.0,Male,107954.0,45.0,357.79,1.0,1.0
11958,28.0,Female,54314.0,33.0,246.29,50.0,1.0
11959,44.0,Male,68225.0,23.0,264.96,27.0,0.0
11960,20.0,,107985.0,,487.87,53.0,0.0
11961,34.0,Female,103014.0,26.0,483.23,47.0,0.0
11962,61.0,Male,55179.0,13.0,115.48,40.0,0.0
11963,45.0,,45338.0,7.0,407.44,33.0,0.0
11964,46.0,Male,112435.0,15.0,106.65,20.0,
11965,38.0,,89681.0,44.0,114.63,14.0,0.0
11966,64.0,Male,52101.0,,341.29,36.0,0.0
11967,33.0,Male,22775.0,26.0,208.45,5.0,0.0
11968,54.0,,117183.0,,466.46,23.0,1.0
11969,37.0,Female,65619.0,15.0,53.61,45.0,0.0
11970,,Female,65838.0,36.0,260.65,56.0,1.0
11971,,Male,39539.0,45.0,460.08,15.0,0.0
11972,22.0,Female,77124.0,27.0,453.02,6.0,0.0
11973,20.0,Male,85149.0,5.0,86.7,33.0,0.0
11974,18.0,Female,46616.0,2.0,189.65,55.0,0.0
11975,55.0,Female,99655.0,33.0,313.37,19.0,0.0
11976,32.0,Female,110695.0,16.0,88.1,13.0,0.0
11977,51.0,Female,,23.0,484.33,29.0,0.0
11978,52.0,Male,57099.0,38.0,458.23,6.0,0.0
11979,66.0,Male,95831.0,16.0,91.81,15.0,
11980,42.0,Female,81799.0,14.0,69.37,16.0,1.0
11981,41.0,Female,110221.0,29.0,51.85,24.0,0.0
11982,29.0,Male,,26.0,455.63,,0.0
11983,35.0,Female,66172.0,35.0,104.88,48.0,1.0
11984,32.0,Male,,15.0,213.98,10.0,1.0
11985,61.0,Male,75863.0,3.0,229.94,54.0,1.0
11986,33.0,Male,,23.0,303.52,41.0,0.0
11987,44.0,Female,102569.0,29.0,45.15,41.0,
11988,25.0,Male,35408.0,34.0,121.11,49.0,0.0
11989,63.0,Female,77980.0,33.0,,17.0,0.0
11990,42.0,Male,102956.0,41.0,455.12,49.0,1.0
11991,34.0,Female,,41.0,392.83,56.0,0.0
11992,46.0,Female,24131.0,23.0,19.51,44.0,0.0
11993,25.0,Female,64825.0,7.0,170.23,45.0,0.0
11994,32.0,Male,31349.0,3.0,317.7,,1.0
11995,44.0,Male,80931.0,32.0,144.84,44.0,0.0
11996,63.0,Female,64254.0,31.0,455.7,,0.0
11997,67.0,Female,58225.0,18.0,320.61,10.0,0.0
11998,69.0,Female,32453.0,43.0,45.23,55.0,0.0
11999,24.0,Male,38814.0,7.0,455.41,19.0,1.0
12000,20.0,Male,38263.0,41.0,479.31,29.0,0.0
