customer_id,age,gender,region,education_level,employment_type,annual_income,loan_amount,loan_purpose,credit_score,repayment_history,transaction_count,spending_ratio,default_flag,join_date
10001,59.0,Male,East,Graduate,Unemployed,267192.5518214824,26450.21073646691,Education,381.5211952882508,10,76,3.8016932741297658,1,2017-05-17
10002,49.0,Female,West,Primary,Self-Employed,669582.2653050537,152932.2272435262,Education,675.9573561480221,8,191,18.18788115836808,0,2019-06-15
10003,35.0,Male,East,Post-Graduate,Salaried,580230.3130984121,722832.8078908555,Other,645.4299768903221,6,56,29.316613883593913,0,2019-09-28
10004,63.0,Female,East,Secondary,Unemployed,229928.97544813418,495113.33339925116,Education,573.5008051243873,1,122,11.367139635761994,0,2015-10-05
10005,28.0,Male,East,Secondary,Salaried,761479.4564484528,73023.53321237248,Business,852.8628924269873,7,179,21.84670226506676,0,2015-06-19
10006,41.0,Male,North,Secondary,Salaried,943577.3782947739,754197.9141884317,Car,745.8476527604755,6,124,34.476557145120495,0,2022-05-05
10007,59.0,Other,West,Primary,Self-Employed,450376.595820916,509027.31437218154,Education,540.3597513848598,7,11,32.35834941064341,0,2020-09-19
10008,39.0,Male,South,Post-Graduate,Unemployed,164754.5356579065,20928.699986519965,Education,733.8236879571141,11,15,39.48505780940674,0,2015-09-24
10009,43.0,Male,North,Post-Graduate,Salaried,422718.4037745218,147009.29448058567,Other,774.4498076021058,2,107,42.787852408442504,0,2023-02-04
10010,31.0,Male,East,Primary,Salaried,813615.1566986735,572841.2569051208,Business,663.2020922617558,6,65,21.659213077658706,0,2018-06-02
10011,31.0,Male,North,Post-Graduate,Unemployed,737132.4646336935,155202.97732700274,Car,,9,72,67.05194655230736,0,2017-09-09
10012,44.0,Female,East,Primary,Salaried,369391.8284971303,24237.656076604893,Other,683.8346666921591,8,157,24.624078344842772,0,2016-07-10
10013,56.0,Male,East,Primary,Salaried,980293.0344411854,234616.0558689786,Other,441.41841410767114,2,144,38.376405707900865,1,2022-01-11
10014,60.0,Male,North,Primary,Unemployed,937070.0164815997,593591.2061243589,Business,631.3130403149601,9,158,11.802208057239444,0,2020-05-01
10015,,Male,West,Secondary,Unemployed,416748.48418083973,267688.44244270073,Car,826.1087158015971,5,106,31.509631301259994,0,2022-01-02
10016,23.0,Female,East,Post-Graduate,Unemployed,414177.4992587583,76963.22260618494,Business,793.0155636559878,1,114,18.983352803662317,0,2017-07-03
10017,42.0,Male,West,Primary,Unemployed,451793.01565512765,145469.2154567458,Car,683.3727863561874,1,144,9.096805747307526,1,2022-03-11
10018,22.0,Male,South,Post-Graduate,Self-Employed,473166.80615286354,179418.39569133864,Business,620.2389037883305,4,175,27.29802037116847,0,2022-04-14
10019,44.0,Female,East,Secondary,Unemployed,837634.501982111,259726.5944780776,Other,640.9875259008988,4,55,21.744376035803423,0,2023-12-16
10020,64.0,Female,West,Primary,Self-Employed,706332.2651191485,427324.78370017675,Other,752.3385581627401,6,121,23.332444807088194,0,2019-07-24
10021,50.0,Male,West,Graduate,Self-Employed,819269.6923376468,31232.928666380423,Home,631.5415336754685,11,169,27.290944488193364,0,2017-04-17
10022,58.0,Male,South,Secondary,Self-Employed,768391.285796675,661234.9709421612,Education,580.1804466908391,1,50,16.04845899285326,0,2024-03-04
10023,22.0,Male,West,Graduate,Salaried,1028631.767048433,3715.8284897199756,Business,,10,57,25.33892397444842,0,2023-07-30
10024,41.0,Male,West,Post-Graduate,Self-Employed,335153.6140477149,138635.56018759627,Home,744.0696143822682,6,92,34.91731276192945,0,2024-01-13
10025,53.0,Male,South,Post-Graduate,Self-Employed,695089.632595979,8340.979012161919,Education,699.6164905597936,4,125,25.722769365716513,1,2021-12-04
10026,,Male,East,Secondary,Salaried,56544.68594132562,149755.20793816008,Business,654.4267973349114,5,17,4.1971148760554735,0,2021-10-13
10027,42.0,Male,West,Post-Graduate,Salaried,270761.10647578543,223845.8023184684,Car,,7,93,19.11345652697755,0,2017-04-11
10028,64.0,Male,West,Graduate,Salaried,581286.6535162883,215036.15694711744,Education,594.0257526404519,9,129,18.207748758052066,0,2016-04-08
10029,45.0,Other,West,Primary,Unemployed,704551.653188634,54322.9046463637,Other,630.6050599557346,11,122,20.44309597404875,1,2024-07-30
10030,47.0,Female,North,Primary,Salaried,574546.0644926076,311317.68361477007,Home,,3,58,50.77554418633391,1,2017-08-19
10031,62.0,Male,South,Primary,Salaried,458201.89529683045,13743.592921903939,Education,620.5220715700257,6,189,23.884588053027176,0,2018-07-31
10032,48.0,Other,North,Secondary,Self-Employed,502645.5306267406,430527.9509648495,Education,784.6178263626625,5,120,9.189754340327015,0,2021-10-03
10033,36.0,Female,South,Post-Graduate,Salaried,942360.2441060261,879233.0929975485,Other,542.212818862281,9,122,17.65322825641062,0,2019-02-17
10034,35.0,Male,East,Graduate,Unemployed,503991.9555299649,124549.57301903903,Business,581.1282333577085,1,8,44.33920677193824,0,2018-02-04
10035,64.0,Male,East,Post-Graduate,Salaried,1037310.4055108819,218470.30875069633,Car,524.5701137064248,7,79,49.26332608169923,0,2018-11-17
10036,23.0,Male,West,Post-Graduate,,3992521.3419264173,142883.91831251688,Other,502.90912428124017,9,53,12.492550847999789,0,2020-11-24
10037,57.0,Male,South,Post-Graduate,Salaried,714384.3365370575,2019.9018612603065,Car,631.3228085804709,8,11,24.64105272515163,0,2021-01-11
10038,27.0,Male,East,Primary,Salaried,301600.7724197511,146266.79371241044,Business,588.2390818199214,4,114,15.181352588933045,0,2024-02-20
10039,41.0,Male,South,Graduate,Salaried,4169047.701749534,470661.9586384015,Education,826.1688930792193,9,126,6.016645982662674,0,2021-08-17
10040,29.0,Male,East,Graduate,Salaried,476557.35556287516,271893.83491339453,Car,621.7153453822207,3,15,16.266103417938695,0,2019-03-06
10041,59.0,Female,North,Post-Graduate,Unemployed,301390.06049857504,32028.420470521873,Home,778.9396863430024,5,96,30.198758759251366,0,2022-12-03
10042,38.0,Female,East,Primary,Unemployed,728210.9032698444,563468.8412350493,Home,746.8006474940634,7,186,50.20883121777562,0,2024-08-23
10043,24.0,Male,North,Primary,Self-Employed,253013.4848583651,227200.3497394628,Other,829.1045844775986,10,177,30.421870887415736,0,2023-06-18
10044,45.0,Female,East,Graduate,Unemployed,409439.63446760445,553023.270574912,Business,861.0135582085622,2,27,29.00353664396635,0,2016-03-09
10045,34.0,Other,West,Primary,Salaried,,260408.43975636392,Other,676.8533986464809,9,32,10.264528791730113,0,2015-01-04
10046,29.0,Other,North,Primary,Self-Employed,,984327.2672716366,Other,,10,115,54.970154367268165,0,2023-08-19
10047,46.0,Male,East,Primary,Self-Employed,428271.06105187815,33366.358513846244,Other,789.6596891581264,10,61,27.082408241492917,0,2017-03-14
10048,,Female,West,Secondary,Self-Employed,485445.87017485616,54946.07477933998,Home,691.4647985104783,0,30,18.145312155441154,0,2021-10-11
10049,40.0,Male,North,Post-Graduate,Salaried,783086.2636054113,1072935.9580815393,Home,725.113084780585,3,157,4.845253046104961,0,2017-11-18
10050,48.0,Female,West,Graduate,Unemployed,290426.0779059885,77820.42863531165,Other,712.4071415119475,3,58,45.2625374853476,0,2016-02-06
10051,27.0,Other,South,Graduate,Salaried,710701.5952552289,1137634.2424888297,Home,535.5738568608292,0,33,14.906100085057034,1,2015-12-23
10052,64.0,Female,South,Secondary,Self-Employed,901481.7019041469,227730.14278116633,Business,655.7290354453016,8,101,8.505554577804315,0,2016-05-21
10053,28.0,Female,North,Post-Graduate,Salaried,523226.2788222247,43781.51444673043,Other,757.424723394466,2,168,28.70820564898775,1,2021-06-06
10054,55.0,Female,East,Graduate,Salaried,856538.5703492165,31375.645739219643,Home,802.6186317361662,4,18,28.17150521184526,0,2020-04-17
10055,34.0,Female,North,Primary,Unemployed,672862.4808029516,70285.64433164391,Car,577.936032816805,5,82,9.160374692090505,1,2020-08-16
10056,37.0,Male,West,Graduate,Unemployed,417329.5090490548,779640.3632138782,Other,702.883130181302,7,39,44.720304163562446,0,2016-08-04
10057,56.0,Male,East,Primary,Self-Employed,550548.8285258734,160407.56333362026,Other,665.0870213277534,5,34,5.51533177864002,0,2020-03-08
10058,60.0,Male,South,Secondary,Salaried,,150973.4631081783,Business,638.2125935418404,2,96,40.505889822316824,0,2023-04-20
10059,24.0,Female,East,Primary,Salaried,578090.4355458806,112716.37988807293,Education,685.6002629225027,5,21,28.16323816974695,0,2021-10-08
10060,,Male,South,Graduate,Unemployed,638179.4748049572,47720.473072836896,Education,671.7997410666137,0,199,25.571664215365235,1,2020-06-18
10061,26.0,Male,East,Graduate,Salaried,747049.9837429642,200742.0197051718,Business,704.1407568872588,3,162,12.362396610965815,1,2022-08-12
10062,62.0,Male,East,Graduate,Salaried,727167.0623967838,41795.09738051866,Business,794.1716760950052,5,97,37.51840181534572,0,2022-06-18
10063,24.0,Male,East,Secondary,Salaried,-7928.392815537052,541417.3717262684,Business,728.41275908647,6,177,63.71867884824838,0,2016-07-09
10064,49.0,Female,West,Secondary,Unemployed,575672.9528069933,138799.73854836513,Education,,10,83,13.49105882581014,0,2015-03-19
10065,38.0,Female,West,Post-Graduate,Self-Employed,222644.52164830937,140906.8161227558,Business,836.4625056823079,10,114,23.14627869451875,1,2020-10-24
10066,46.0,Male,North,Graduate,Self-Employed,531068.1868831685,192739.88633099291,Home,760.9929595880336,9,183,33.850887097521706,0,2020-05-06
10067,64.0,Female,North,Primary,Salaried,569052.60304727,176165.01331650847,Other,640.7601561396651,2,106,45.708213190682535,0,2024-07-28
10068,54.0,Male,South,Secondary,Self-Employed,844037.0895211772,1581092.3792441064,Other,528.2879597647095,8,110,2.935868880738869,0,2022-01-28
10069,30.0,Male,West,Graduate,Unemployed,592471.1332249751,236488.75202689128,Car,551.2169319079535,11,51,50.766640218738004,1,2015-02-20
10070,56.0,Female,South,Graduate,,664804.504585815,27700.943941491103,Car,743.3232448315634,11,185,23.614339105154393,0,2016-10-21
10071,34.0,Male,North,Secondary,,798264.0951643572,280090.0823585058,Other,586.9687520747019,6,68,31.390771229700555,1,2019-02-08
10072,51.0,Male,South,Post-Graduate,Self-Employed,906938.064954825,49315.36279104644,Home,549.1944522888052,0,170,35.585788865186366,1,2016-11-19
10073,35.0,Female,North,Secondary,Salaried,569246.5191607724,9427.895711789108,Education,574.19146733128,1,68,24.050855940138685,0,2015-06-08
10074,28.0,Male,West,Secondary,Self-Employed,623544.8604201023,1059482.2472779418,Education,581.26156879093,0,91,47.64452281164341,0,2016-10-08
10075,34.0,Male,East,Primary,Salaried,602505.8255605635,445554.6166070017,Home,735.0647667782251,10,11,32.35973720218554,1,2016-11-10
10076,43.0,Male,West,Primary,Salaried,464350.2588922309,1175246.2588407167,Education,634.3257924217723,8,26,3.0302725670801176,0,2023-02-20
10077,60.0,Male,South,Post-Graduate,Unemployed,407721.1941394026,779825.8320141863,Business,512.7625399700594,8,85,32.513879517020406,1,2024-08-18
10078,41.0,Male,South,Graduate,Unemployed,32028.520893516135,227951.2244271236,Other,653.1044897762357,6,173,64.960021644718,0,2020-02-25
10079,36.0,Male,West,Secondary,,330834.7663689176,55298.37458660992,Other,672.2266132448242,9,78,32.93233482426829,0,2019-12-17
10080,38.0,Female,West,Post-Graduate,Unemployed,155342.2916975491,85070.13581585712,Home,602.0663138559148,2,142,52.34300449540138,1,2024-02-06
10081,44.0,Female,North,Primary,Self-Employed,913799.6211133131,547066.4757004114,Education,765.58850841927,4,189,31.029727260997376,0,2019-11-29
10082,46.0,Female,South,Secondary,Unemployed,647104.0020743571,132103.45990735525,Car,607.9061114307715,3,139,49.93093087853631,0,2016-07-24
10083,45.0,Female,South,Graduate,Self-Employed,568515.2567632915,526018.4221143284,Car,760.8337686637151,6,129,42.59111125682138,1,2017-03-24
10084,61.0,Female,West,Primary,Unemployed,420628.7034797296,370343.7526263664,Education,709.6782779674976,8,54,24.953399140173772,0,2020-08-21
10085,49.0,Male,East,Primary,Self-Employed,607444.8158086559,58502.035650821985,Car,742.6605508044407,11,56,10.903663230022124,0,2021-06-12
10086,35.0,Male,South,Primary,Salaried,388005.0305861665,212445.57690587878,Home,540.1449159193605,1,165,28.44077441319555,0,2024-07-19
10087,21.0,Male,East,Post-Graduate,Self-Employed,643504.6391551509,339390.8439388105,Home,659.8310192238102,7,5,40.16968619790766,1,2022-09-28
10088,45.0,Male,West,Graduate,Self-Employed,661433.4957303384,80378.42794238433,Education,644.7171995425231,8,185,4.4830121279097925,1,2015-09-03
10089,27.0,Male,West,Secondary,Unemployed,,532804.5382581543,Car,507.7993475092467,9,192,54.7554663207629,0,2017-07-25
10090,29.0,Male,North,Post-Graduate,Self-Employed,379884.5087943985,236123.74713666693,Home,760.5060729802909,9,166,46.50771664298388,1,2023-02-14
10091,44.0,Female,South,Post-Graduate,Salaried,840549.8386487793,54184.04307732538,Home,568.259910309265,8,8,36.701661832579916,1,2020-05-08
10092,21.0,Other,East,Post-Graduate,Salaried,586785.0114271749,262389.5131660912,Business,589.0432171164017,9,149,2.2631075699514778,0,2015-02-07
10093,64.0,Male,North,Primary,Unemployed,404744.8926837773,2447650.263588235,Business,548.6684164402275,6,136,26.048813558296345,0,2023-02-17
10094,28.0,Male,South,Graduate,,507373.42457762023,48939.79121458683,Home,720.1186326070373,8,175,60.83857678718429,0,2015-05-02
10095,44.0,Male,North,Post-Graduate,Self-Employed,347351.4783233482,509082.5270317165,Education,497.4070281227404,8,8,16.894620945032074,0,2016-04-03
10096,31.0,Female,West,Secondary,Salaried,583204.1048345207,69696.53904788409,Other,711.7874800464568,2,5,26.564032367751828,0,2018-07-07
10097,37.0,Female,South,Graduate,Unemployed,807907.0769161171,457512.93973278743,Other,754.4513986243461,3,75,49.19282974991147,1,2021-12-04
10098,28.0,Male,North,Secondary,Self-Employed,593082.3331014346,397930.19313829567,Home,703.7178427625761,1,182,36.18291185235825,0,2015-02-02
10099,55.0,Female,North,Graduate,Unemployed,1190908.360918846,107212.29321750406,Home,921.2628483846429,9,193,3.2894219352180296,0,2017-01-21
10100,55.0,Male,East,Secondary,Self-Employed,705339.8920122504,118278.82969570757,Home,725.9546469578042,2,39,21.97757466658958,0,2017-07-21
10101,,Male,North,Primary,Salaried,657488.6119605531,471818.11152693466,Education,555.0575673274236,10,12,20.887528289541144,0,2020-02-27
10102,25.0,Male,South,Post-Graduate,Unemployed,372924.4672585486,185659.98075683127,Business,,10,156,24.31636773882755,0,2017-11-26
10103,62.0,Male,South,Secondary,,540366.6382893333,393710.2964684546,Home,603.9923745866502,4,40,50.117241364873564,0,2021-10-16
10104,59.0,Other,East,Graduate,Self-Employed,405246.5392415769,48045.043784336885,Home,643.3612382410028,4,182,13.648719431916973,0,2020-02-19
10105,61.0,Female,South,Post-Graduate,Unemployed,58588.69289896905,574295.6764975612,Car,616.7362681649041,5,127,42.53996473094301,0,2022-08-28
10106,48.0,Male,West,Post-Graduate,,,372278.92985922296,Education,699.1542120877309,6,47,13.241512782824097,1,2024-11-12
10107,27.0,Female,South,Graduate,Self-Employed,472137.3611124422,712362.3048219932,Home,596.1962756862578,6,31,52.67601981071973,0,2019-12-23
10108,29.0,Female,South,Secondary,Self-Employed,409899.98141667346,42597.7993430696,Car,856.6915724237368,0,36,13.567142901799542,0,2018-09-30
10109,28.0,Other,North,Primary,Self-Employed,652642.5084896162,269693.31647874886,Other,526.4656182853995,1,82,11.143339855494624,0,2024-10-10
10110,32.0,Male,North,Primary,Salaried,728124.8880553793,274228.3823165662,Home,766.4665208501572,11,125,29.341720172694302,0,2020-06-25
10111,54.0,Male,South,Secondary,Self-Employed,519806.2917734303,130836.40694047435,Home,717.0740945950204,8,150,21.773415797816533,0,2020-08-14
10112,53.0,Male,East,Post-Graduate,Unemployed,599349.5830977454,184005.06299231562,Car,620.774023809823,9,160,35.44951744160386,0,2021-10-31
10113,43.0,Male,North,Post-Graduate,Salaried,,11616.499056214241,Education,603.085096997419,1,161,15.826966246398777,1,2015-09-18
10114,44.0,Male,East,Post-Graduate,Unemployed,509951.6013475131,410961.0404090508,Home,714.4628246317696,5,20,5.539225817793563,0,2021-01-03
10115,57.0,Male,South,Post-Graduate,Salaried,675583.4354408334,239100.96815184044,Other,579.2706619364038,10,103,33.9424240752789,0,2019-01-05
10116,55.0,Male,South,Secondary,,185188.8454027124,17842.545096897513,Home,662.536531576517,10,51,19.01730139126843,1,2021-01-05
10117,64.0,Male,West,Post-Graduate,Salaried,289670.25039306283,342539.77290122985,Other,766.1398787431406,0,191,10.694293679290151,1,2018-08-10
10118,60.0,Male,North,Graduate,Salaried,751384.944520101,188647.5232942759,Business,568.8742880862808,2,35,15.177048038920335,0,2021-04-09
10119,42.0,Male,South,Post-Graduate,Unemployed,276610.3402081754,10520.71591052084,Business,686.8600829120203,1,8,33.595487344314904,1,2021-07-10
10120,47.0,Male,West,Primary,Unemployed,658534.386778324,1048070.0626536049,Other,681.5725266935492,2,169,6.564112435084947,0,2017-09-08
10121,55.0,Male,North,Post-Graduate,Self-Employed,563250.3044507318,893439.2854379803,Education,640.2663181337317,4,21,27.48357790971898,0,2024-03-29
10122,21.0,Male,South,Secondary,Salaried,2544415.921849714,215787.23953538592,Home,599.6210415896063,10,43,46.151885027322095,1,2019-06-08
10123,55.0,Male,South,Primary,Salaried,,29506.341521646915,Home,771.4797056894386,9,52,13.597395240145133,0,2019-06-20
10124,57.0,Male,North,Secondary,Salaried,827335.0045263439,421485.6684079804,Business,590.2431364233034,5,178,12.459287130623558,0,2018-09-11
10125,34.0,Male,North,Secondary,Self-Employed,1032472.7886299589,203141.4632662204,Other,468.796109887038,8,180,18.749299918759913,0,2018-07-25
10126,23.0,Male,North,Primary,,675048.0406500486,108053.24045339202,Home,714.0533591631033,11,43,31.18393492285173,0,2019-11-08
10127,21.0,Male,South,Secondary,Self-Employed,680622.6789182043,202838.75008691003,Home,529.8696650232166,10,136,62.223637869716256,0,2020-09-01
10128,25.0,Male,South,Secondary,Self-Employed,,221722.24587879228,Education,719.1881144855088,9,34,19.049147109385352,0,2019-10-04
10129,46.0,Female,West,Post-Graduate,Self-Employed,300975.69204390503,248148.7721320473,Car,783.4903247843445,11,162,20.69219973335608,1,2019-03-03
10130,34.0,Male,East,Graduate,,590065.2737984564,174601.82677463052,Business,712.9749878398675,11,26,43.845314116326406,1,2022-11-15
10131,59.0,Male,North,Secondary,Salaried,356562.588010481,279235.0513314676,Business,757.1411301887491,3,70,23.666201164680707,1,2015-08-03
10132,47.0,Female,South,Secondary,Salaried,156847.46792104456,753010.8894969333,Car,852.0049106929647,6,112,14.422819721411006,0,2022-05-18
10133,,Male,South,Secondary,Salaried,800861.4530913956,134951.18494796057,Home,746.6760462608946,5,16,16.073067167718435,0,2020-12-08
10134,35.0,Female,North,Post-Graduate,Salaried,813041.6970629583,388077.8705609601,Education,683.0573392625436,1,40,29.65060548124907,1,2020-02-01
10135,35.0,Male,East,Graduate,Salaried,385290.3067617264,674578.4186404513,Education,813.3948183523648,9,22,25.71652834937524,1,2018-09-30
10136,46.0,Male,North,Primary,Salaried,660991.0803198111,182630.3810466906,Business,825.4775544846584,10,94,14.46422929556635,0,2015-06-07
10137,62.0,Male,East,Post-Graduate,Salaried,850488.0669479417,175802.6255442281,Education,826.877178325942,10,185,16.858840128764626,0,2023-12-28
10138,33.0,Female,South,Post-Graduate,Salaried,651256.6717654697,276479.1749870087,Car,600.7856484803997,10,5,9.07285021464358,0,2019-03-26
10139,52.0,Male,East,Graduate,Unemployed,301711.33847531665,268510.54188589804,Home,514.5981641501596,7,131,59.386207749212694,0,2015-10-07
10140,59.0,Other,West,Graduate,Salaried,541776.6466907253,492881.8771755249,Car,594.6807816565113,6,190,10.500032966200802,0,2019-01-07
10141,52.0,Male,South,Post-Graduate,Unemployed,931702.3550104977,194155.95256249048,Other,720.3641615793175,6,94,29.757731319947307,1,2020-03-27
10142,24.0,Female,West,Primary,Self-Employed,661756.6609012783,1665804.189242625,Business,,7,91,38.26400559980591,0,2015-11-11
10143,50.0,Male,North,Post-Graduate,Salaried,734783.0257957013,18394.020267532796,Education,629.3519014823153,11,94,21.188999130236276,0,2023-04-12
10144,57.0,Female,North,Graduate,Self-Employed,685407.3048422786,951.8630504971233,Other,706.0481398804935,11,138,12.447514015125522,0,2015-12-29
10145,43.0,Male,North,Primary,Self-Employed,386122.1605054367,306660.67942724784,Education,502.9194918326733,10,74,30.730860935153277,0,2023-07-30
10146,59.0,Male,East,Graduate,Self-Employed,444788.69517933927,106332.48006761842,Home,,0,48,9.861643238038265,0,2024-09-12
10147,35.0,Male,South,Primary,Unemployed,684716.2892629356,82482.03460389673,Home,761.8457644847877,0,156,10.804337574321064,0,2021-12-21
10148,63.0,Male,North,Secondary,Self-Employed,804217.9450051021,112145.92972975459,Home,704.9315644558228,7,90,37.728254818245446,0,2022-10-23
10149,49.0,Male,North,Graduate,Self-Employed,874976.2377294707,88733.45333563113,Education,719.1809821833729,3,23,18.417637129607023,0,2017-11-04
10150,56.0,Male,South,Graduate,Self-Employed,385473.6138079516,9382.207062959216,Other,809.7372789952515,4,105,3.9154108352750154,0,2016-04-12
10151,33.0,Female,North,Post-Graduate,Salaried,708280.1336692984,1067703.3739310484,Home,643.3856715126333,7,150,48.11407818065408,0,2021-01-31
10152,52.0,Male,West,Graduate,Salaried,896761.0279297441,74825.27122488907,Other,584.6908338649664,4,99,44.08664686755955,0,2019-06-08
10153,27.0,Female,South,Graduate,Unemployed,353229.5574279944,397311.25976820296,Education,768.9515042665042,9,105,24.810099365785064,1,2021-06-23
10154,42.0,Female,South,Secondary,Unemployed,971686.7839499435,431398.083087739,Other,767.1120631033928,3,34,11.959239559254943,0,2019-11-07
10155,48.0,Male,South,Graduate,Salaried,1009735.2068360475,794612.1940198037,Education,,11,174,31.468832613281204,1,2019-08-15
10156,22.0,Female,West,Secondary,Unemployed,1256271.5849054153,9307.745577059688,Education,633.9628999417552,5,37,32.625588778875844,0,2022-02-20
10157,,Female,South,Secondary,Salaried,657733.3602074987,616830.8191515794,Business,650.1379651007985,11,16,34.13011951779144,1,2023-12-08
10158,26.0,Male,West,Secondary,,659106.1690656121,224741.45653502905,Education,522.3227047868913,4,122,36.018014853353975,1,2015-05-27
10159,48.0,Male,South,Secondary,Self-Employed,806748.5972793294,300345.5983952927,Education,761.2946530207203,6,98,15.141479974535708,0,2023-08-06
10160,48.0,Male,East,Primary,Unemployed,799450.6682623541,310243.92737187137,Car,757.7651309529143,9,159,33.122288449411755,0,2020-05-01
10161,64.0,Male,North,Post-Graduate,Salaried,881591.7152489014,514102.72586617037,Home,518.8317249533216,6,171,7.393213311687462,0,2020-08-26
10162,64.0,Male,East,Primary,Salaried,796008.2951162759,121672.82925177764,Business,,3,141,26.452248343529877,1,2020-05-26
10163,40.0,Male,North,Graduate,Unemployed,573484.5227404904,396209.5083855102,Business,690.4101655009008,11,153,38.759459789265414,0,2015-08-12
10164,50.0,Female,West,Primary,Salaried,905499.2802433756,225600.55584638947,Business,547.8025889609204,4,80,35.861317582636104,0,2023-07-02
10165,31.0,Female,East,Primary,Self-Employed,332186.4625768186,473082.5250995159,Car,529.3999798927531,2,33,25.181600923839742,0,2018-12-14
10166,48.0,Male,South,Graduate,Unemployed,601463.0841813441,1398396.2438666644,Education,687.3493269401722,3,165,19.297363164609983,1,2022-06-06
10167,45.0,Male,North,Graduate,Unemployed,990933.9040124498,67187.29630826657,Home,610.2295886093082,3,194,22.99644114035949,0,2018-06-03
10168,59.0,Male,North,Graduate,Salaried,287438.37546992017,1569121.450885753,Other,831.994885054967,2,121,15.325770341908745,0,2015-09-14
10169,53.0,Male,East,Primary,Unemployed,430631.08575070923,28231.2830725897,Education,,9,19,12.575826141233723,0,2017-07-31
10170,21.0,Male,West,Primary,Salaried,767936.8227693229,696.0712726169771,Car,697.3693136732228,4,6,35.809757132158495,0,2021-03-19
10171,47.0,Female,East,Graduate,Salaried,698477.9933090381,13550.030875823895,Education,702.3079004002394,4,184,7.886775411210635,0,2018-10-14
10172,,Male,West,Post-Graduate,Salaried,381243.64808593877,125465.91313017337,Education,783.0867180367168,10,121,3.201912198117348,0,2019-10-31
10173,61.0,Female,West,Post-Graduate,Salaried,495951.4993174649,300641.47012023174,Car,734.6518091727338,6,176,23.58475975242636,0,2024-02-27
10174,23.0,Other,North,Secondary,Salaried,304804.4843374152,21458.319745633715,Business,,3,186,19.2659660270068,1,2018-11-21
10175,59.0,Male,East,Graduate,Unemployed,845121.2498801431,1704.5778427410423,Business,551.973882370249,3,22,25.231709118336255,0,2019-05-17
10176,26.0,Female,East,Secondary,Self-Employed,536029.6605823671,829819.9480893088,Home,956.1946965406219,8,7,16.09199122789634,0,2024-07-12
10177,,Male,West,Post-Graduate,Self-Employed,1048038.9776901582,517667.89678885095,Home,539.6817242691767,5,139,40.8301410272008,0,2018-07-06
10178,47.0,Male,East,Secondary,Unemployed,620275.0610100054,496932.39668402274,Business,618.7457262899835,3,175,29.198169565066767,0,2016-11-28
10179,29.0,Male,South,Graduate,Unemployed,545064.9241492808,647348.8021463657,Other,484.52717235900025,1,170,15.380664655142159,0,2024-02-25
10180,,Female,South,Graduate,Self-Employed,520794.55967705057,361226.1160277392,Education,703.8798158769262,5,169,13.725928274039031,0,2020-09-08
10181,53.0,Male,East,Graduate,Self-Employed,538950.0412018929,33079.80162616793,Other,665.1110437284807,1,190,34.152992318735706,0,2021-04-08
10182,62.0,Female,East,Primary,Self-Employed,,152798.11818870864,Education,726.527643836476,4,165,27.474468820275344,0,2018-06-24
10183,64.0,Female,West,Secondary,Self-Employed,1228101.8941445798,385283.27423763165,Business,476.09343688955664,5,112,26.338880865678572,0,2021-04-14
10184,44.0,Male,South,Post-Graduate,Self-Employed,515285.08247516013,98690.61113283361,Home,761.2905667380932,3,191,29.89956788454794,1,2020-01-23
10185,35.0,Other,South,Post-Graduate,Salaried,523411.63480717264,348855.36597695155,Home,569.2564598530386,2,99,32.83884096332445,0,2020-11-27
10186,52.0,Male,North,Post-Graduate,Unemployed,616398.4614207946,7441.058464687713,Other,635.0994800636134,6,126,15.38211187346223,1,2016-05-04
10187,52.0,Male,West,Primary,Salaried,872568.626586065,109644.37067419755,Home,743.1571268681065,1,15,16.074018308685627,0,2022-04-29
10188,44.0,Male,North,Primary,,244753.85973180522,238973.09256268496,Business,676.1266684131899,10,72,13.200590753265306,0,2022-11-27
10189,61.0,Male,South,Graduate,Self-Employed,713773.1842274113,299974.9417590196,Other,683.1942556666863,5,127,20.307059595472577,0,2016-06-23
10190,32.0,Female,West,Post-Graduate,Self-Employed,,258143.77141100186,Education,729.91788199054,3,117,29.630188970566866,1,2015-12-12
10191,59.0,Male,East,Primary,Salaried,738318.1722377372,358956.46626412607,Home,692.8790639938725,5,102,29.88516547068126,0,2015-08-05
10192,22.0,Male,West,Graduate,Salaried,,1832.2080765334897,Car,615.8892097451283,3,97,4.467654297979072,0,2016-06-14
10193,,Female,East,Post-Graduate,Self-Employed,23974.41506067838,31922.052185316006,Home,633.3530871764771,3,26,63.31587387525908,0,2023-02-03
10194,57.0,Male,East,Secondary,Salaried,692394.4006718714,609639.7473548566,Education,671.1878678651823,3,198,46.86750670064733,0,2017-10-09
10195,37.0,Male,West,Graduate,Salaried,690286.1925867172,343474.13431072305,Other,560.4443906453665,8,176,13.329356148372653,0,2024-07-26
10196,22.0,Female,East,Primary,Self-Employed,455229.9228801426,35949.970169708504,Education,749.600865938867,6,131,17.137146700943358,0,2022-08-13
10197,22.0,Female,North,Primary,Salaried,440414.0349642494,553689.4439232575,Car,678.8653930807484,2,138,37.62637251341279,0,2017-07-16
10198,48.0,Male,South,Graduate,Unemployed,272156.81872808683,83213.0929742391,Business,657.4776267921968,2,174,39.31045990997969,1,2023-12-07
10199,43.0,Female,East,Graduate,Unemployed,793274.9853847178,195175.70325513335,Home,769.2496559031471,5,29,38.584154498897824,0,2017-03-05
10200,57.0,Female,North,Primary,Unemployed,820553.945616702,47065.10282812031,Other,637.988635678863,5,189,19.03346632402388,0,2024-02-17
10201,52.0,Male,East,Secondary,Unemployed,380237.27870602754,371476.17988027923,Business,631.7579002847583,3,89,33.19780490250395,0,2016-01-27
10202,,Male,South,Post-Graduate,Self-Employed,465016.38511528727,329752.71312094026,Education,601.5371235996035,8,59,52.395360284709525,1,2020-04-30
10203,21.0,Male,North,Secondary,Self-Employed,584177.7197152592,71139.45519115435,Other,684.3067008925935,3,148,22.869394999098617,1,2019-07-20
10204,39.0,Male,South,Graduate,Self-Employed,1167716.3202588866,597211.1837245442,Business,680.8450108331515,8,99,29.908230977837768,1,2018-06-19
10205,22.0,Male,South,Secondary,Unemployed,736280.436897233,153901.4109807014,Other,583.3715799490093,3,146,43.60272349641147,0,2021-04-09
10206,64.0,Male,North,Primary,Unemployed,364146.1212479052,103811.69394826771,Car,632.23060228866,1,171,6.349734060677559,1,2017-03-01
10207,,Male,North,Graduate,Salaried,675945.0773726264,49579.01566864373,Car,784.0397731480767,1,160,23.489893375334464,0,2017-01-24
10208,52.0,Male,North,Post-Graduate,Salaried,255827.11484047957,92842.55293623809,Home,579.5131546184509,4,183,40.95319399712318,0,2021-01-29
10209,26.0,Male,West,Primary,Unemployed,779497.5774790427,6681.940841972466,Home,477.0102168273153,3,123,12.443133789626366,0,2024-11-23
10210,,Male,North,Primary,Unemployed,,262586.0207435588,Car,626.9089746318444,6,181,43.13393551310854,0,2024-03-01
10211,24.0,Male,North,Post-Graduate,Unemployed,1019947.9212709896,553986.5199918381,Other,479.77867339199884,10,13,2.563397024153157,1,2016-09-01
10212,31.0,Female,North,Post-Graduate,Unemployed,783723.3758685847,238873.37731970122,Car,603.7184313660489,4,190,33.15626944549094,0,2017-05-25
10213,37.0,Male,North,Secondary,Salaried,,74259.29225839935,Home,,5,177,47.63489780967824,0,2018-02-07
10214,58.0,Female,East,Graduate,Unemployed,274774.5608714685,10274.71133414236,Car,755.1895057265605,9,154,24.114665745544126,1,2017-11-19
10215,44.0,Male,West,Post-Graduate,Salaried,249948.73915772274,72479.36441301864,Car,548.5065193690358,3,164,28.111770118999267,1,2017-01-16
10216,25.0,Female,South,Post-Graduate,Unemployed,-101554.2773746358,161418.67276575943,Other,573.8813615185525,11,46,19.346733528830722,0,2019-10-24
10217,54.0,Male,North,Graduate,Unemployed,773463.9407519804,427649.58533992013,Business,611.8475860808428,1,57,21.907280377094004,0,2016-03-04
10218,26.0,Other,East,Post-Graduate,Unemployed,574291.1199439002,62418.42785634461,Home,591.9856348497224,9,191,23.00778276076024,1,2024-05-16
10219,42.0,Male,East,Post-Graduate,Salaried,827304.0416132818,381666.3430794737,Other,786.9254797421876,8,78,37.91402523902698,0,2023-02-09
10220,31.0,Male,East,Secondary,Salaried,957007.8713086969,605071.8113645752,Car,536.1432626950381,9,43,46.582820657945746,0,2022-09-15
10221,,Female,South,Primary,Self-Employed,624976.3859756024,181511.68805649853,Car,612.0595501014158,6,126,11.750395634911843,0,2017-06-23
10222,53.0,Male,North,Primary,Unemployed,636490.4024282875,516835.7253369153,Business,683.2065249164407,3,19,43.13613513301377,0,2018-06-15
10223,29.0,Male,West,Primary,Self-Employed,483919.9138756334,242673.38661050666,Home,,2,161,16.758447956199618,1,2022-12-07
10224,26.0,Male,West,Primary,Self-Employed,513478.89570689795,304080.8147774438,Home,611.9758444069797,9,127,4.7017225107502565,0,2023-01-17
10225,36.0,Male,East,Post-Graduate,Salaried,3910587.3905911674,224140.67969476918,Education,458.19003994962077,2,115,18.406357371180338,0,2018-03-26
10226,49.0,Male,South,Graduate,Salaried,2782031.2120433617,186623.6606676661,Home,634.9895778414495,8,135,35.83823063336783,0,2017-03-06
10227,23.0,Male,South,Graduate,Self-Employed,520248.08331179403,80227.95913514432,Business,785.2028476180715,4,87,48.65273128646485,0,2019-12-12
10228,40.0,Female,South,Secondary,Unemployed,595420.7851392872,108374.49840673334,Education,678.2187407430426,2,14,7.658641758917419,0,2020-03-01
10229,56.0,Male,West,Secondary,Salaried,821582.5490153974,102734.46715123492,Education,673.6417862359933,4,96,33.97181932408034,0,2017-09-27
10230,39.0,Male,East,Post-Graduate,Unemployed,426834.6105424743,248545.041535803,Car,543.6982008423004,1,33,46.93719003627125,0,2016-06-29
10231,46.0,Male,North,Graduate,Unemployed,583367.8706119918,38334.22539917681,Car,533.4328409711335,10,39,22.57900908569152,0,2015-08-02
10232,23.0,Male,West,Graduate,Self-Employed,661319.4594446075,745922.4194326868,Home,651.8041648634099,3,10,39.2952642567023,0,2019-02-12
10233,39.0,Male,East,Primary,Self-Employed,890055.4758963098,1530369.8664186988,Education,,9,144,4.818738420659599,0,2022-02-20
10234,40.0,Female,East,Post-Graduate,Self-Employed,540175.8058001453,153971.37475791408,Car,728.136222236251,1,115,38.15106284874313,0,2018-07-05
10235,52.0,Male,North,Post-Graduate,Self-Employed,420544.1534870695,51815.04116853958,Business,565.3353751133637,1,42,20.77061043525378,0,2022-10-14
10236,27.0,Male,North,Primary,Salaried,478909.76393191115,641101.2895280594,Car,647.5342719268506,11,81,10.774838731441925,1,2020-04-25
10237,61.0,Male,North,Post-Graduate,Salaried,863264.3582538448,520803.36793561454,Car,461.4233081245758,7,97,37.78119714068396,0,2017-02-16
10238,53.0,Male,South,Post-Graduate,Self-Employed,1108326.3246508662,383739.91729080665,Education,610.6198131556494,0,151,16.12815388264127,0,2020-07-27
10239,,Female,North,Secondary,Salaried,271560.5465784918,95049.67099260016,Education,531.4139452869797,6,71,19.31548070000889,0,2019-10-02
10240,59.0,Male,East,Graduate,Self-Employed,326174.5962325357,154473.5068289709,Other,417.8043582658189,4,140,16.09160312331153,1,2022-06-03
10241,38.0,Male,North,Post-Graduate,Unemployed,557800.8033244637,32525.640385671402,Business,704.1842089336317,10,12,34.67693000273254,0,2023-09-19
10242,60.0,Other,East,Secondary,,627739.0240170108,62860.788553986706,Education,814.1159539091574,7,126,43.20073471902677,1,2022-01-21
10243,21.0,Male,West,Graduate,Unemployed,796742.3913887488,458380.379412993,Home,,0,88,9.723419354151943,0,2023-04-07
10244,31.0,Female,South,Primary,Self-Employed,377216.74784962845,376620.5890677393,Business,718.1690689903805,10,179,12.285695494188293,1,2024-02-22
10245,48.0,Male,West,Secondary,Unemployed,334222.74083763396,270040.89815344283,Business,608.5878832054455,6,136,25.07704136068166,1,2023-06-18
10246,45.0,Female,West,Secondary,Salaried,634521.7882834075,678222.057214087,Education,730.5890228547826,4,183,33.519750922448175,0,2015-07-29
10247,43.0,Male,East,Graduate,Unemployed,535399.8199482079,262592.5178883174,Business,772.3853198573728,3,89,15.574262547757522,0,2021-11-12
10248,51.0,Female,West,Primary,Unemployed,831680.2494428812,188752.14570802555,Education,663.6821829671293,6,199,21.341239036126332,0,2018-02-15
10249,50.0,Male,East,Secondary,Unemployed,721839.9507975959,124823.20158654609,Car,531.5639827687977,9,49,5.819985198437642,0,2017-04-05
10250,62.0,Male,North,Post-Graduate,Salaried,738844.8369083047,846274.1672712243,Other,800.0615701408628,1,140,14.45728417525084,0,2020-06-26
10251,55.0,Male,North,Post-Graduate,Self-Employed,573879.6634057834,25901.268624138007,Car,820.2696488347937,11,91,30.91875206040023,0,2018-10-16
10252,27.0,Female,East,Post-Graduate,Salaried,1188895.0646420515,3206421.3793762,Education,642.5255831849834,0,20,20.212933231555578,0,2024-08-12
10253,36.0,Female,North,Primary,Self-Employed,390563.00460156,525844.7035895098,Education,317.52442800889037,0,81,37.123709505682925,0,2023-07-24
10254,46.0,Female,South,Secondary,Self-Employed,752702.4584386938,41754.457219954646,Car,503.10765363298066,10,199,13.488935550488911,0,2024-12-10
10255,22.0,Male,West,Post-Graduate,Unemployed,282577.50323172315,249711.9867518227,Home,607.5551296857518,11,13,34.01822779442828,0,2021-06-25
10256,21.0,Female,South,Primary,Self-Employed,331633.0805651369,604203.9838791927,Home,753.5825238417568,0,64,62.42539053939596,0,2017-04-09
10257,32.0,Male,West,Post-Graduate,Salaried,448163.6003086362,254455.8910057481,Home,622.6877647593088,11,82,35.936981805269845,1,2016-12-17
10258,25.0,Male,North,Graduate,Salaried,1007330.8341545064,713192.0149061126,Education,755.443165497326,4,81,33.67112775749392,0,2020-04-23
10259,57.0,Male,South,Secondary,Self-Employed,665973.6076135047,859326.0407807824,Business,597.3837646452511,9,75,10.984243436208285,1,2022-09-20
10260,52.0,Female,North,Secondary,Unemployed,452380.4828639062,164654.06849706723,Education,453.5707477764387,6,19,54.18691692362215,0,2017-12-10
10261,29.0,Male,West,Primary,Unemployed,693609.0814886433,142113.70689899355,Business,800.8438841401916,1,75,21.060896214689283,0,2016-01-28
10262,61.0,Male,East,Primary,Salaried,,826170.8576955461,Car,684.4945001546286,9,106,41.06552981219395,0,2022-08-15
10263,55.0,Female,East,Secondary,Unemployed,477006.65771522006,337308.3440774445,Other,676.1950349341313,7,173,25.207196645097586,0,2015-04-28
10264,39.0,Male,South,Post-Graduate,,250842.7860529431,36997.162292199595,Business,524.4892250743364,3,26,14.1074165570355,1,2015-05-11
10265,36.0,Male,North,Post-Graduate,Self-Employed,959635.6211280725,12963.62618741488,Home,614.8803798196235,11,156,1.3680571504543526,0,2020-07-07
10266,23.0,Male,North,Graduate,Salaried,652454.5321775104,249467.0564866277,Education,918.4674238064074,2,117,28.30970657630523,0,2015-01-28
10267,40.0,Male,South,Post-Graduate,Self-Employed,1143434.5933670597,798511.6163320818,Car,526.6731173703123,9,176,48.324192013148625,1,2017-06-05
10268,44.0,Male,East,Primary,,835080.4051352199,557848.4370259428,Home,716.0723394463748,10,5,20.371386562374987,0,2016-01-09
10269,53.0,Male,West,Primary,Self-Employed,737829.9311902606,337962.5865740684,Car,,7,14,0.7792794792786175,1,2024-07-14
10270,44.0,Male,South,Post-Graduate,Salaried,491198.91784575826,44938.600549461626,Other,736.3791824569662,1,114,33.706022893414584,1,2018-08-10
10271,31.0,Male,West,Primary,Unemployed,326163.6090357708,88001.96783181967,Education,560.7674609811553,10,188,74.22273602471572,0,2022-02-22
10272,28.0,Male,East,Secondary,Self-Employed,545567.2538778882,625061.9220769791,Education,690.208825820294,10,117,13.761412107926358,0,2015-10-01
10273,56.0,Female,North,Secondary,Self-Employed,318926.85144854226,60564.08145218197,Other,520.8474398231799,2,54,5.228382996259903,0,2017-08-27
10274,58.0,Male,East,Post-Graduate,Salaried,762547.5951826887,97901.67721364317,Education,879.0852800176707,11,16,30.68768560438736,0,2016-11-01
10275,60.0,Male,South,Secondary,Salaried,,41640.94531118002,Business,559.1349704258562,2,93,15.186501296426558,0,2023-05-26
10276,40.0,Male,North,Secondary,Self-Employed,534771.9334707174,338203.75997144106,Car,578.4951817033375,9,192,28.818591787287538,1,2021-05-28
10277,55.0,Male,South,Graduate,Salaried,836122.7430977992,864626.2987499433,Home,694.1986006395031,10,158,18.82867831357262,0,2018-08-08
10278,45.0,Male,South,Graduate,Self-Employed,427692.73244578583,93989.4263282822,Other,606.9614523602984,0,116,18.217175297337548,0,2022-05-16
10279,55.0,Female,East,Secondary,Unemployed,524383.2904481622,193539.54228201666,Business,688.0381448216311,5,82,12.196364622954528,0,2024-08-03
10280,45.0,Male,South,Post-Graduate,Salaried,396259.0038586393,301815.18817475793,Home,630.9158681356649,1,173,20.462978082335454,0,2017-07-22
10281,49.0,Male,East,Graduate,Self-Employed,66716.74123237235,2260673.895103901,Home,656.7493681247275,0,168,41.61550418413989,0,2021-04-19
10282,38.0,Male,North,Primary,Unemployed,590866.6625203474,33215.139354676925,Other,694.5086471353402,1,125,4.286944164560122,1,2018-03-02
10283,38.0,Male,East,Primary,Unemployed,632112.9343994382,207087.85710939212,Business,614.9981545408859,11,27,40.60451172313467,0,2019-07-07
10284,22.0,Female,North,Primary,Self-Employed,866465.2496904093,145898.5041501258,Home,550.3950213998226,5,175,43.271862553206134,0,2016-08-11
10285,55.0,Male,East,Post-Graduate,Salaried,798859.563167322,602572.2984590259,Home,596.768773407021,3,138,42.55285065397108,0,2018-09-24
10286,36.0,Male,West,Secondary,Self-Employed,802238.2247597489,193860.60435550986,Business,769.5139179833436,5,175,53.74065992078817,0,2021-07-17
10287,61.0,Male,West,Primary,Unemployed,356490.9442205308,35289.82863189318,Education,661.617308407655,11,29,13.500713970857428,0,2016-04-29
10288,56.0,Male,South,Post-Graduate,Self-Employed,714874.326517673,301884.4453468444,Home,565.5101546589526,8,22,13.441266223893544,1,2020-07-19
10289,53.0,Female,East,Graduate,,995648.4913703981,441922.7205504737,Car,690.1560608387719,9,194,28.23855198582678,0,2019-04-28
10290,24.0,Male,East,Secondary,Unemployed,694966.9626772703,865.6231384422659,Business,696.8315584939138,11,145,18.04957436834908,1,2015-01-12
10291,53.0,Female,North,Graduate,Self-Employed,1057148.4032662492,587606.472054151,Home,701.999907579781,9,47,40.969300294045034,0,2020-08-22
10292,34.0,Male,South,Post-Graduate,Salaried,1104741.527779966,246987.8026968092,Other,552.2162799628715,7,82,6.048449127404995,0,2016-05-18
10293,41.0,Female,East,Primary,Unemployed,532882.9324270886,240935.06711112315,Car,581.7609005714105,0,32,56.352894589244684,1,2015-02-13
10294,40.0,Male,South,Primary,Salaried,425765.0637298571,161252.2832574002,Home,582.3170783612989,7,150,24.958544209130867,0,2024-04-03
10295,28.0,Male,West,Post-Graduate,Unemployed,409634.4586452625,381519.02107195475,Car,613.9352087933809,8,63,38.79473408261669,0,2015-08-19
10296,27.0,Female,East,Primary,Self-Employed,220966.044974195,139164.2983626757,Car,703.8919185143734,5,192,12.14066823660961,0,2024-10-27
10297,23.0,Other,East,Secondary,Salaried,470399.27514611953,611520.230402707,Education,679.6184804731014,9,67,40.87268241060297,1,2024-02-05
10298,37.0,Female,South,Post-Graduate,Unemployed,901916.3624390616,393352.01573652175,Car,687.5216957157163,4,189,17.593015354086543,1,2019-10-05
10299,53.0,Male,East,Graduate,Salaried,48990.606187190046,312992.87407895963,Education,785.4019142371524,5,96,51.79272827092557,0,2015-06-10
10300,32.0,Female,South,Post-Graduate,Salaried,340636.6498215634,477244.6113538883,Business,718.889093249163,5,183,15.944356614829774,0,2018-01-07
10301,,Male,East,Secondary,Self-Employed,568217.1395870006,1683020.8624251974,Education,635.8198375003913,8,60,27.442513038933637,1,2024-09-15
10302,42.0,Other,North,Secondary,Salaried,380703.6998445749,10980.111350504922,Other,531.61148239475,3,159,8.168249101031366,0,2016-11-21
10303,50.0,Male,South,Post-Graduate,Unemployed,468178.5139399449,150626.34983001204,Home,578.545299152913,1,164,6.768626663876278,1,2018-12-05
10304,58.0,Female,East,Post-Graduate,Unemployed,471917.5813944241,801257.9623408365,Business,623.8294932321774,10,115,25.82060233421385,0,2023-01-05
10305,58.0,Female,West,Primary,Unemployed,535614.9449845628,40307.84141346945,Business,732.9129827336113,10,141,12.43152385837212,1,2024-09-10
10306,28.0,Female,East,Secondary,Unemployed,2088181.6298628268,400790.5278346158,Other,647.2668065893906,8,72,6.381113014687719,0,2017-07-29
10307,47.0,Male,West,Post-Graduate,Self-Employed,397196.696536113,1101805.1305622293,Education,584.3804045111557,1,50,44.16451689266007,1,2017-09-18
10308,47.0,Male,West,Post-Graduate,Salaried,833577.4364803078,16083.096896832494,Home,576.7107114272774,9,71,47.31101460130437,0,2023-09-12
10309,54.0,Female,North,Secondary,Self-Employed,862413.5444650863,343894.1308926091,Education,643.0421791078774,8,158,31.328378970874077,0,2016-07-02
10310,41.0,Male,South,Post-Graduate,Salaried,254864.16368814767,189420.47127320422,Car,738.99875622171,1,140,35.59729437704002,0,2022-10-11
10311,50.0,Other,East,Primary,Salaried,-89899.34981822094,259661.64465606463,Education,809.1019305775117,11,10,40.105770025572475,0,2024-01-09
10312,53.0,Female,North,Secondary,Salaried,865843.7123927327,26761.2985930192,Business,629.4231401970333,7,28,33.508750253504104,0,2022-06-12
10313,48.0,Male,East,Primary,Self-Employed,292799.89536196564,13187.745535303295,Home,645.5256819237402,8,180,14.693279521410687,0,2015-04-27
10314,53.0,Female,West,Primary,Salaried,653186.209614935,329763.73511456774,Education,528.6058293842617,11,98,46.0048495912922,1,2017-06-01
10315,25.0,Male,South,Primary,Self-Employed,208582.03174294566,520006.5802065283,Home,843.9192569099466,9,177,31.034287104957905,0,2015-12-05
10316,39.0,Female,East,Primary,Unemployed,924438.7463149179,456999.16871894756,Home,509.8997161843916,8,17,5.867000678693132,0,2019-01-28
10317,24.0,Female,East,Secondary,Unemployed,1235916.973825382,235450.95744419933,Car,767.166231178055,9,29,33.89002027269443,0,2023-08-30
10318,55.0,Male,West,Primary,Salaried,645701.7273013341,31563.76502697399,Car,613.466404698753,8,152,25.815761225791984,0,2020-06-16
10319,37.0,Male,East,Primary,Self-Employed,576474.3378851209,349468.3648535142,Business,590.0633506159681,1,122,36.60969439498372,0,2017-12-10
10320,64.0,Female,East,Post-Graduate,Unemployed,519465.10620248405,83077.59373981347,Other,538.9996428114073,3,86,18.672991876165646,0,2021-10-14
10321,48.0,Male,West,Secondary,Self-Employed,795449.8278282279,725967.3445669764,Home,891.0048649407133,6,115,14.59945984712685,1,2016-09-29
10322,50.0,Male,North,Secondary,Self-Employed,741921.6877336465,546539.4925984424,Other,672.1491623278395,11,86,5.502734450311224,0,2020-08-30
10323,49.0,Male,West,Graduate,,,370724.67499509297,Business,652.1280437104064,1,70,33.94115075276684,0,2020-10-31
10324,26.0,Male,North,Secondary,Unemployed,443020.86935047933,891874.1174474786,Home,738.6732359554543,0,49,18.917745229113407,0,2020-11-01
10325,55.0,Male,South,Secondary,Salaried,685029.4266011612,9577.823455838527,Home,584.9167274370037,2,118,21.740183622877634,0,2022-08-03
10326,61.0,Male,North,Graduate,Salaried,464382.983323451,399769.69499986386,Other,650.1845955231006,11,179,26.410953931967974,0,2019-05-03
10327,,Male,North,Secondary,Unemployed,335571.0879824864,120251.99684486444,Education,655.6336286812121,3,67,31.875749227607976,0,2016-04-10
10328,44.0,Female,South,Secondary,Unemployed,589746.1447491341,709548.496206767,Car,598.7854267651867,7,80,26.615654830424678,0,2021-09-04
10329,49.0,Male,North,Secondary,Self-Employed,369371.81740572944,93049.96805498317,Education,769.9638079185914,5,118,12.564787221978158,1,2024-01-07
10330,51.0,Male,West,Secondary,Unemployed,893431.7494356472,387138.74902318884,Other,628.1345588504096,10,115,40.09256908630016,0,2015-07-11
10331,55.0,Male,North,Graduate,Self-Employed,384519.90549604426,630253.5390543474,Car,494.68679466311704,1,187,21.228752556553424,0,2023-09-21
10332,53.0,Male,South,Secondary,Self-Employed,690886.48517184,12764.801400406219,Education,619.8502636479126,8,151,3.296288682741938,0,2023-03-02
10333,41.0,Male,West,Secondary,Self-Employed,449144.4253100694,152073.77670069577,Car,674.9178671713897,1,39,42.280175519507296,0,2022-02-27
10334,52.0,Male,South,Graduate,Unemployed,669265.687609378,431035.17087180604,Home,,11,57,21.100645841130056,0,2020-08-14
10335,43.0,Female,South,Post-Graduate,Salaried,469000.85663616087,182046.20064026644,Education,568.5405206829561,4,30,26.031567546920265,1,2019-05-07
10336,53.0,Male,East,Primary,Self-Employed,285697.1812856156,93286.28650037615,Car,595.3740961873959,11,18,39.81389907666725,0,2021-09-05
10337,23.0,Female,East,Post-Graduate,Salaried,720943.1852379614,74463.55129225075,Car,772.123566006696,3,122,47.41437189819362,1,2024-01-17
10338,38.0,Female,South,Graduate,Salaried,541146.0945216946,42302.61787232503,Car,601.2841977354294,6,49,26.574342475613445,1,2016-07-31
10339,45.0,Male,South,Primary,Unemployed,671496.2351806149,583745.1217143171,Education,792.911701855103,7,176,35.47928295300658,0,2023-10-08
10340,62.0,Female,South,Graduate,Salaried,492789.2660923906,256950.81085462213,Business,588.5049561851664,4,197,9.409462280935333,1,2018-07-13
10341,51.0,Other,East,Graduate,Salaried,268015.871557887,23837.9703836775,Education,682.5014136256542,9,55,13.977772923561888,0,2018-03-14
10342,23.0,Male,East,Secondary,Unemployed,870794.6492640642,144661.88927935995,Other,605.3757325780249,4,175,10.972190037524731,0,2018-09-20
10343,60.0,Male,North,Primary,Self-Employed,784189.438860272,137533.36050482214,Education,725.4083170290472,1,123,55.02705774497074,1,2016-01-19
10344,44.0,Female,North,Secondary,Salaried,458259.756111689,60172.24663015665,Car,538.1725845434721,7,155,28.669716328972726,0,2024-10-17
10345,52.0,Female,South,Primary,Unemployed,617444.8033746994,171548.5211546765,Home,724.2859479577231,1,188,7.632274717106546,0,2020-05-13
10346,,Male,West,Graduate,Salaried,860504.8707907342,121084.76012954548,Education,661.3869400309684,9,23,78.2534080655625,0,2016-09-02
10347,43.0,Female,West,Graduate,Salaried,485740.41603440075,125475.62166739935,Education,586.0008183222551,11,86,34.71960795084911,0,2016-01-07
10348,,Female,East,Post-Graduate,Self-Employed,524528.8737023621,403000.98924407514,Car,633.3778515289849,5,80,27.316452652123154,1,2019-04-23
10349,47.0,Female,East,Primary,Salaried,660908.1250018434,75796.18906935268,Home,803.3854941032175,7,187,25.932843224914766,0,2018-03-21
10350,62.0,Female,East,Secondary,Unemployed,485227.2341113535,308049.3578067846,Home,663.7844504880784,5,96,14.464221730100558,0,2015-01-03
10351,22.0,Female,South,Post-Graduate,Salaried,814272.9992467556,253644.58975329326,Other,579.7271984087361,3,192,19.34014786321358,0,2017-11-20
10352,46.0,Male,West,Post-Graduate,Self-Employed,557774.8049231406,251863.1587804294,Education,529.5306717171887,3,191,21.60648726972701,0,2017-06-15
10353,,Male,North,Post-Graduate,Self-Employed,403991.03125150653,326308.24425229616,Home,700.5404273430997,5,37,36.34670267371381,0,2016-12-11
10354,60.0,Male,South,Secondary,Unemployed,752159.7074684986,238475.600809771,Home,669.5845247010685,3,151,45.96304927762356,0,2015-08-20
10355,53.0,Female,North,Post-Graduate,Self-Employed,314467.33764216333,634222.6038968676,Business,,7,32,55.034943965377835,0,2017-07-26
10356,29.0,Male,North,Secondary,,1103719.6402810535,337714.9769369694,Business,503.7775260310158,8,127,38.938432388335066,0,2020-06-24
10357,63.0,Male,South,Post-Graduate,,995624.0908950507,237534.61019667354,Home,532.77395471085,0,184,9.302742585138823,1,2019-08-12
10358,59.0,Female,North,Secondary,Unemployed,728373.8692302539,531169.3205262431,Other,764.6879199251899,3,130,42.12242242429377,0,2022-08-08
10359,49.0,Male,West,Graduate,Self-Employed,707332.7554549755,279532.9293322275,Home,683.1341646779341,3,181,3.509972974121775,1,2015-05-25
10360,62.0,Female,North,Graduate,Self-Employed,695610.3544548246,103230.9676789882,Car,703.3400851237562,1,41,12.762485860622801,1,2019-11-22
10361,46.0,Female,West,Graduate,Self-Employed,477726.30352027324,69615.52786912088,Education,553.7312967892046,5,158,26.344305446071175,1,2016-04-22
10362,55.0,Male,West,Graduate,Unemployed,674327.4114202106,49578.37728375438,Other,551.9012801671081,2,103,19.662630155478087,1,2021-09-10
10363,45.0,Male,West,Graduate,Self-Employed,369216.8473855379,689145.6013339151,Car,749.1258658192089,6,102,19.7818640072103,0,2021-07-01
10364,44.0,Male,East,Post-Graduate,Self-Employed,,371502.44138496066,Other,753.8377654765148,10,131,33.73001086860304,0,2023-09-27
10365,33.0,Male,North,Post-Graduate,Salaried,816961.7357578238,831193.6865735073,Car,541.1680512970946,10,172,50.60825741992826,0,2016-05-02
10366,27.0,Male,South,Post-Graduate,Unemployed,,277366.28866485244,Education,522.0629504147155,4,84,11.29875452364297,0,2020-10-02
10367,56.0,Male,South,Secondary,Self-Employed,451224.55146132014,192394.71175732117,Education,639.1407029287556,3,42,20.164869731341067,0,2015-07-07
10368,40.0,Male,North,Secondary,Unemployed,296880.7438380226,18472.15251441063,Business,570.0651546623994,4,81,28.88215799966162,0,2021-10-02
10369,21.0,Male,East,Secondary,Self-Employed,964488.8083914227,334095.4979499115,Car,567.9823120953974,7,130,27.977109120106032,1,2019-05-20
10370,28.0,Male,East,Secondary,Self-Employed,471083.99153944716,261832.01894837272,Business,524.8621753572608,2,91,29.378340732224927,0,2017-10-19
10371,36.0,Male,West,Graduate,Self-Employed,550315.2409958442,1387884.2442846345,Car,603.1566151719633,6,58,8.809292498608295,1,2021-11-21
10372,34.0,Male,North,Graduate,Salaried,675038.8962489314,81999.1759479087,Business,534.5305257367133,5,154,1.0710988562637247,0,2022-01-19
10373,32.0,Male,North,Graduate,Salaried,,226977.7971700733,Education,540.4599096990763,11,20,39.38082048191205,0,2022-06-14
10374,43.0,Female,South,Primary,Salaried,786640.0239202675,315768.3345918458,Other,679.8391846566304,0,32,31.253958005761618,0,2016-11-26
10375,35.0,Female,North,Post-Graduate,Unemployed,505167.52004041785,310345.9595006332,Business,644.4801765712624,6,167,17.840583774364458,1,2015-03-08
10376,48.0,Male,East,Secondary,Unemployed,315333.0153822717,247177.42569427053,Car,698.4878681532132,6,192,41.261371763878316,0,2019-10-12
10377,54.0,Female,North,Secondary,Salaried,271583.672756921,450078.2207920892,Car,,11,177,40.587266155566695,1,2019-10-02
10378,22.0,Male,South,Graduate,Unemployed,455186.19178928836,68816.85863754041,Education,650.9880609829763,0,50,9.008278382356263,1,2021-07-30
10379,52.0,Female,West,Secondary,Self-Employed,362037.381331344,387980.2543224717,Car,857.5637542165838,8,76,23.82671049126534,1,2022-12-20
10380,43.0,Male,South,Secondary,Self-Employed,524095.82367306045,290065.73216038354,Home,612.77275157144,5,187,45.072248446859305,0,2016-08-23
10381,42.0,Other,South,Post-Graduate,Self-Employed,926894.7026899956,679226.0608702792,Other,732.4749006572298,11,89,31.95001411873578,1,2023-11-24
10382,45.0,Female,West,Graduate,Salaried,505680.44852907775,563576.7027458015,Business,731.6006848774423,1,30,14.075474981224446,1,2023-04-20
10383,42.0,Female,South,Post-Graduate,Unemployed,505587.2846663608,113565.33582890942,Other,736.5198608001276,4,89,57.10299843690837,0,2020-06-15
10384,42.0,Female,South,Primary,,595900.3059360529,96987.52117817519,Education,666.6661687057323,10,157,28.669509338499672,0,2016-09-13
10385,62.0,Male,North,Primary,Unemployed,498593.75219698343,1199492.0571785737,Business,706.6085982744214,3,69,21.437762077078066,0,2021-03-20
10386,26.0,Male,North,Primary,Self-Employed,583152.1910704515,224766.20516697227,Business,719.9013620013005,6,138,53.844343832619,0,2024-05-11
10387,35.0,Female,West,Graduate,Salaried,735217.3056203367,710684.6682087679,Home,713.5446028314358,7,155,46.85307604785617,0,2017-04-16
10388,63.0,Male,North,Secondary,Unemployed,821187.7636908285,53695.30799140478,Education,538.2581826486604,10,119,33.37474075065748,1,2019-10-24
10389,57.0,Female,North,Graduate,Unemployed,,308853.7153049592,Car,479.2615517456013,10,68,18.408687343266568,0,2020-10-30
10390,53.0,Male,South,Graduate,Self-Employed,1114213.055182755,497998.6864302046,Home,494.6416456585193,0,91,34.26378796982667,0,2017-09-13
10391,28.0,Male,East,Secondary,Salaried,742339.8615431095,883484.655381487,Home,622.9840007617337,4,175,10.93707133299451,1,2019-06-05
10392,64.0,Male,North,Post-Graduate,Salaried,1158619.7253373275,123448.03609530572,Other,709.3926734422645,2,111,32.989685464726485,0,2020-11-02
10393,64.0,Male,East,Primary,Salaried,405879.54798508924,387274.7131968868,Other,539.5588722488416,0,155,14.27418817857665,1,2020-02-15
10394,25.0,Male,North,Post-Graduate,Self-Employed,1122821.2256061463,232185.50937679553,Other,742.3970458584404,11,100,29.358404540870804,0,2024-03-31
10395,59.0,Male,North,Primary,Salaried,504905.98644510243,18763.409378692224,Home,599.7724825492114,2,162,43.587812546012714,0,2020-05-18
10396,24.0,Male,West,Graduate,Self-Employed,529495.2673092411,351354.64023383963,Car,600.7244788805921,5,81,51.47233354177154,0,2016-06-11
10397,26.0,Male,West,Primary,Self-Employed,570031.8631442817,351448.3524626828,Business,566.3893004120399,6,150,33.40215750097391,0,2021-11-02
10398,52.0,Male,West,Graduate,Self-Employed,545344.8222103172,800389.9406461813,Other,461.5213640983726,7,91,34.58992654862498,0,2018-12-14
10399,50.0,Female,East,Post-Graduate,Unemployed,621460.0991816258,206335.94016941686,Car,672.9314128434647,10,153,42.03659232310119,1,2023-11-14
10400,55.0,Male,South,Graduate,Salaried,454992.99937789014,78507.20648835997,Education,821.2667712838569,3,61,34.57796025673278,0,2023-10-30
10401,60.0,Male,North,Post-Graduate,Salaried,807490.543267843,13676.19401922264,Other,643.7335476467437,2,107,44.37003732342477,1,2018-12-13
10402,36.0,Male,North,Secondary,Self-Employed,461791.2413447051,161172.53692298473,Business,464.9368358305147,4,155,43.994558223664704,0,2015-03-14
10403,33.0,Female,North,Secondary,Self-Employed,763902.5995632228,107825.05274314228,Education,728.0342811616446,8,95,14.278776324853897,0,2016-02-20
10404,62.0,Male,East,Secondary,,981930.9048809411,1717993.5319165143,Education,487.52020098970104,5,49,14.57285100999426,0,2016-01-10
10405,50.0,Female,West,Graduate,Self-Employed,510724.40754806506,131211.1073354961,Business,529.0965603010815,8,176,8.312151937273125,0,2017-10-02
10406,39.0,Other,South,Secondary,Salaried,,893197.9883266955,Other,,5,92,21.67183814932007,1,2020-05-23
10407,37.0,Male,East,Primary,Unemployed,739789.8222257962,983509.7572312586,Home,662.2843438540198,1,119,51.767286963253966,1,2018-10-08
10408,39.0,Male,West,Post-Graduate,Self-Employed,1163221.7205549376,290993.37486596906,Business,,4,51,34.85625342307237,1,2020-07-26
10409,48.0,Male,East,Post-Graduate,Salaried,473792.3587887625,792090.636676983,Business,622.268394343402,11,172,40.82345103433637,0,2024-03-11
10410,46.0,Male,South,Primary,Self-Employed,798767.904201446,429204.7426512612,Business,721.5162400760685,10,183,11.572909995059828,0,2016-02-06
10411,57.0,Male,West,Graduate,Salaried,193497.22705586173,237466.00745058447,Education,735.2178884808019,8,174,40.742241137201255,0,2024-05-07
10412,46.0,Female,East,Graduate,Salaried,476035.39731579676,59647.9620769954,Car,775.1456421814264,7,139,19.137756034056032,1,2021-01-23
10413,43.0,Male,South,Post-Graduate,Self-Employed,688348.209399227,184077.93100479164,Home,840.9418652293493,6,54,42.093686062223966,0,2017-06-23
10414,29.0,Male,North,Secondary,Unemployed,948289.9922724452,987563.9356034927,Other,730.9889321661117,0,180,14.325836232019162,0,2023-01-31
10415,32.0,Male,South,Graduate,Salaried,293516.6587539493,598445.381563397,Other,628.326348559576,3,88,11.334849802239527,0,2018-03-17
10416,21.0,Female,North,Graduate,Salaried,796522.6601852776,196948.18386206913,Car,735.9313791122972,11,95,46.3230526112264,0,2022-01-09
10417,21.0,Male,East,Primary,Salaried,584194.1358792603,683879.4173284654,Business,696.6716234005182,6,138,40.46779539601407,0,2016-02-28
10418,,Male,West,Primary,Unemployed,219618.08665192185,336578.68763963506,Home,700.6366977526254,10,95,7.691820392379461,0,2023-07-09
10419,52.0,Female,West,Secondary,Unemployed,645396.7114871976,44201.85066422918,Other,667.7218785071685,6,141,20.273826198621475,1,2022-09-18
10420,45.0,Female,East,Graduate,Self-Employed,1027290.3082445529,1588379.4469232915,Other,558.7945897846093,5,113,5.876076875048655,1,2018-12-29
10421,60.0,Male,West,Graduate,Unemployed,1599471.675110479,224745.56841152743,Business,547.190359217807,7,61,33.54351435063484,0,2023-07-17
10422,21.0,Female,West,Primary,Self-Employed,572515.5711574542,149204.20771643356,Car,640.2881798924857,10,35,20.68336792842992,0,2023-02-15
10423,36.0,Female,North,Graduate,Self-Employed,353340.2538401084,322861.9432522322,Home,664.8910075846372,5,25,22.420926337272963,0,2020-06-11
10424,59.0,Male,East,Post-Graduate,Unemployed,482854.26702249603,34587.33638527787,Car,582.0559077068287,9,94,44.01203933757251,1,2021-01-18
10425,25.0,Male,South,Primary,Self-Employed,958042.5358811583,303624.69183057273,Car,692.3341948608576,2,44,5.854449249106166,1,2019-09-18
10426,42.0,Male,North,Secondary,Unemployed,532118.8811271543,206887.6171044553,Home,858.0765904039189,3,116,6.251603714740835,1,2018-12-15
10427,49.0,Male,East,Primary,Self-Employed,950391.4343788316,156603.42059029886,Home,475.5669280721743,2,49,35.35141833661431,1,2022-08-25
10428,23.0,Female,North,Graduate,Unemployed,877263.5119828966,917410.1251674541,Other,708.2244477563761,0,81,3.181927676112056,0,2015-04-16
10429,32.0,Female,South,Secondary,Unemployed,509315.521628888,221782.289676872,Other,643.402537910919,9,181,10.485783250248154,1,2021-05-04
10430,46.0,Male,South,Primary,Self-Employed,474350.13484844187,74199.16869404053,Home,695.0655555334655,4,91,31.075118526518025,0,2018-08-27
10431,36.0,Male,East,Post-Graduate,Salaried,1880001.4914818725,184280.5489925929,Education,606.9285299539708,0,152,5.57441986151401,0,2015-03-24
10432,57.0,Male,South,Post-Graduate,Self-Employed,367279.70145164896,755430.1112604159,Other,635.3940114952833,0,105,29.955757928756228,0,2016-08-01
10433,42.0,Male,North,Primary,Unemployed,688301.8486269608,58110.185715185034,Education,662.9500451008099,1,121,40.35697437615698,0,2019-08-24
10434,49.0,Female,South,Post-Graduate,Salaried,595053.6711962586,72223.14896675212,Home,,3,96,32.71252946093014,0,2023-02-12
10435,34.0,Male,North,Post-Graduate,Self-Employed,2220493.2063384918,3934.5591594222365,Other,497.94586826301014,5,149,19.32078728964294,0,2018-03-10
10436,48.0,Male,North,Post-Graduate,Self-Employed,212809.26946918032,4287.507247094547,Car,626.6084969355547,7,32,15.770608669165936,0,2022-12-26
10437,25.0,Male,South,Secondary,Self-Employed,626544.6919555529,530515.3695501344,Home,508.35663718038063,2,173,39.653578099253984,1,2023-10-20
10438,50.0,Male,East,Post-Graduate,Salaried,482611.9552346667,395167.7674112785,Business,715.319311058031,0,198,24.08283004098671,0,2015-02-07
10439,25.0,Male,West,Post-Graduate,Unemployed,551175.5761044765,131570.58528786537,Education,463.44548989218777,2,29,20.329848308422417,0,2022-07-15
10440,32.0,Female,South,Post-Graduate,Self-Employed,676165.4571745205,359507.7344098183,Home,752.865437945589,11,62,32.14278311660087,0,2020-06-23
10441,36.0,Male,North,Secondary,Self-Employed,,150860.17588732875,Home,692.956300020348,2,45,20.682371514881993,0,2024-09-06
10442,46.0,Female,North,Primary,Self-Employed,216681.34907271882,916624.2764248692,Other,693.3388615733895,4,138,5.019370254105067,0,2024-01-10
10443,46.0,Male,South,Graduate,Self-Employed,1174110.769201297,1023853.6199941181,Other,433.56901321521605,10,79,53.479523085272994,0,2016-08-05
10444,41.0,Male,East,Post-Graduate,Self-Employed,473347.37332509557,149666.04069296413,Other,617.1400561908443,11,42,51.189722705774386,0,2015-04-21
10445,59.0,Male,East,Primary,Unemployed,-29358.275599382236,577700.9159842873,Business,965.356342865986,11,138,61.36653053778076,1,2017-07-22
10446,56.0,Female,North,Post-Graduate,Unemployed,237514.95512093685,444959.2777879159,Other,598.1392020969705,3,177,18.737033901232873,1,2021-01-15
10447,53.0,Female,North,Secondary,Self-Employed,1221116.8421603583,111319.0771006375,Home,542.1937850036286,3,79,64.1718346204672,0,2018-12-08
10448,50.0,Male,East,Primary,Salaried,424250.63493254,79205.22231827541,Other,586.3329904994288,8,146,38.472183744828214,0,2020-03-21
10449,57.0,Male,West,Secondary,Unemployed,889753.8112242892,183876.6916769177,Car,643.1722377360662,6,70,10.36478586366022,0,2019-12-27
10450,43.0,Female,South,Post-Graduate,Salaried,,456083.3095994548,Other,564.8629549687189,3,172,45.76452768161636,1,2015-04-02
10451,30.0,Male,North,Post-Graduate,Unemployed,478758.24062525725,966923.7795530035,Business,773.3817232089293,2,7,65.77736981965079,0,2015-10-17
10452,,Male,North,Secondary,Self-Employed,793861.3676907732,432642.43685885443,Car,643.5332470009607,5,121,54.304419305688775,1,2018-04-29
10453,56.0,Female,East,Graduate,Unemployed,3910.8311609280063,579735.0117813611,Home,594.4430652052072,2,103,36.407269781740695,1,2022-06-04
10454,54.0,Male,South,Secondary,Self-Employed,239716.8450358493,277194.29750806437,Home,519.865647316442,5,156,20.791182266874216,1,2023-02-07
10455,51.0,Male,East,Post-Graduate,Unemployed,476912.24696510984,541285.3700560295,Education,698.4446605278938,10,23,49.32746743689087,1,2023-07-19
10456,30.0,Male,South,Secondary,Self-Employed,264273.9004325979,460328.15658403904,Car,696.1666294711363,10,150,5.164449051167585,0,2016-01-11
10457,,Male,South,Graduate,Self-Employed,454805.55287400715,141955.66598491065,Education,570.7791093815308,11,196,15.170274445670989,0,2015-06-10
10458,52.0,Male,South,Secondary,Self-Employed,813428.261420707,240882.1199248452,Car,426.3670971685855,8,120,10.719144437706557,1,2023-10-09
10459,21.0,Female,North,Graduate,Self-Employed,633034.1803339953,490047.1440282364,Car,691.0762189575885,5,129,22.199418950565615,0,2022-06-11
10460,25.0,Male,West,Graduate,Salaried,932654.2588773973,14145.323730912623,Business,,11,92,37.28287479771208,0,2019-08-10
10461,24.0,Male,East,Secondary,,648843.821087936,495201.87635087996,Education,683.6071167925669,3,39,24.66761594266113,0,2021-07-26
10462,36.0,Male,West,Secondary,Salaried,848115.2078736316,58763.63731706099,Business,845.7174533639638,4,194,11.456904009807735,0,2016-03-24
10463,44.0,Male,East,Primary,Salaried,,216886.27946733037,Car,647.316815629094,5,5,6.650001051311449,1,2016-09-07
10464,36.0,Other,South,Post-Graduate,Self-Employed,452431.1291600543,495508.6553914229,Home,598.6161383157228,10,157,26.80271568529105,0,2023-11-21
10465,22.0,Male,North,Graduate,Salaried,970142.0138854721,87836.95977683047,Car,535.267803235166,2,177,31.97810208327607,0,2015-03-03
10466,48.0,Male,West,Primary,Unemployed,422662.4280159833,84632.26741317289,Business,618.7578208504951,7,181,17.730860783653153,1,2023-02-25
10467,52.0,Female,North,Secondary,Self-Employed,685961.2057810748,154633.08029957782,Education,666.0577349615642,3,130,38.6620854486343,1,2023-05-02
10468,47.0,Male,East,Post-Graduate,,792224.3408061183,675119.6323376432,Education,655.330742059876,7,93,8.186222014751083,0,2016-08-23
10469,40.0,Male,North,Primary,Self-Employed,810373.1761177141,531.455392625555,Business,822.3465340067103,9,148,63.412090948641676,0,2017-09-27
10470,44.0,Male,North,Graduate,Self-Employed,308639.3324449951,694953.7795244523,Education,699.9085565465942,9,151,57.492517795144806,0,2023-08-16
10471,32.0,Male,West,Primary,Self-Employed,862987.6014570664,50102.35263809884,Other,636.519912849279,2,155,24.3004999466283,0,2020-09-27
10472,55.0,Male,South,Graduate,Salaried,355261.1884731825,1384153.5939224977,Home,579.3439421166527,9,29,35.53466598441726,0,2020-03-12
10473,53.0,Male,North,Secondary,,802675.9138374984,929309.5205901914,Home,676.6672763783321,6,20,29.422897131105728,0,2020-03-13
10474,53.0,Female,South,Post-Graduate,Unemployed,733793.3677622748,204766.16026079183,Home,559.299184161734,10,186,28.822242358353172,0,2021-10-13
10475,63.0,Male,East,Post-Graduate,Salaried,4023288.3272248735,215675.06430514163,Education,667.9831079537906,11,77,18.284824116055763,0,2018-02-21
10476,57.0,Male,North,Post-Graduate,Self-Employed,298749.11972524313,197073.12464561113,Education,698.7413926904843,8,133,10.63501413291817,0,2019-04-06
10477,32.0,Male,West,Secondary,Salaried,746982.4356835979,302722.23967193527,Car,628.3547777228553,3,46,28.909946331361407,0,2015-08-10
10478,23.0,Male,East,Graduate,Salaried,,28531.222051233537,Car,586.9713555934858,7,151,12.876255203045814,0,2024-01-11
10479,21.0,Female,East,Secondary,Salaried,648348.9457904352,9948.531582132126,Home,431.4703152665094,2,166,28.97511052317214,1,2018-04-05
10480,53.0,Male,West,Post-Graduate,Self-Employed,395345.8300988558,17830.407451887877,Other,764.3836726420391,6,84,32.29278598620476,0,2016-09-29
10481,60.0,Male,North,Secondary,,829936.9035819976,176293.29110120577,Car,690.3300390245281,2,108,30.82064136612674,0,2024-07-30
10482,,Female,North,Secondary,Self-Employed,628479.9070251924,96701.90643167513,Car,692.7617281584783,11,187,15.556985489127474,0,2023-09-27
10483,63.0,Male,East,Secondary,Salaried,181388.934043076,291889.72535914875,Education,493.86476642227,6,150,43.23577300945919,1,2023-05-01
10484,64.0,Male,North,Graduate,Unemployed,375952.63442083495,1465556.0886011615,Other,787.9838699740058,10,38,35.96556902823915,0,2018-06-05
10485,49.0,Male,South,Primary,Salaried,468426.36719325656,146486.04897486133,Home,603.478313338192,9,93,19.099238956992583,0,2019-10-10
10486,33.0,Male,West,Primary,Salaried,976454.571909914,255883.0077539262,Car,621.1204697300514,9,129,16.81265235612631,0,2018-05-30
10487,32.0,Female,South,Secondary,Unemployed,932545.7715765536,161152.8796907751,Other,543.0713144581175,10,49,51.763797077593395,1,2015-06-03
10488,51.0,Male,North,Primary,Self-Employed,931742.132764169,563728.3625615468,Other,471.3054268660152,10,138,25.5639728814536,0,2016-05-07
10489,22.0,Male,East,Primary,Self-Employed,658090.0694209667,697560.898432203,Home,765.7346311723567,5,25,25.558516124414908,0,2018-07-13
10490,55.0,Male,West,Secondary,Salaried,828398.6979447998,629539.880164495,Other,778.6597369397624,1,126,2.591626659512828,0,2020-10-18
10491,43.0,Female,North,Secondary,Unemployed,314805.1478285273,1099223.726541268,Other,833.4471848646673,10,74,41.54717325007917,0,2018-05-08
10492,37.0,Male,North,Post-Graduate,Self-Employed,601700.7745981928,8371.479400482298,Other,582.061543019365,2,100,56.87938367180344,1,2022-02-23
10493,46.0,Female,East,Primary,Salaried,712908.1754123991,549429.9410213362,Car,612.2955830865742,5,109,23.596632189156562,0,2023-07-02
10494,28.0,Male,East,Graduate,Unemployed,331275.23567271995,418022.4892271726,Home,615.038500996445,3,52,4.724151570647977,0,2022-10-23
10495,49.0,Female,South,Secondary,Self-Employed,652478.0224104675,77901.18833604123,Other,530.0140277820401,5,43,20.201040655797094,0,2020-05-25
10496,46.0,Other,West,Post-Graduate,Self-Employed,1021659.7964510861,939260.125662186,Other,620.774478455616,0,35,32.957366779450446,0,2019-04-30
10497,30.0,Female,West,Graduate,Unemployed,739692.4461401567,48113.28297381753,Car,665.3101992934326,9,14,34.03944617957034,0,2017-05-20
10498,46.0,Female,East,Primary,Unemployed,829386.3016660302,341408.63809354603,Home,751.8157247648752,11,34,29.19015929836226,0,2020-11-22
10499,54.0,Male,South,Post-Graduate,Unemployed,-13101.730858065654,76425.18118188334,Education,651.4244164013712,0,22,11.039082344301482,0,2020-12-13
10500,61.0,Male,West,Secondary,Unemployed,989492.2122882311,169363.21417052718,Car,492.3648291100564,2,192,43.21724419346481,0,2023-06-17
