customer_id,age,gender,education_level,employment_type,annual_income,loan_amount,credit_score,repayment_history,transaction_count,spending_ratio,default_flag,join_date,debt_to_income,join_year,join_month,join_day,region_North,region_South,region_West,loan_purpose_Car,loan_purpose_Education,loan_purpose_Home,loan_purpose_Other
10001,59.0,1,3,Unemployed,-1.3424320782030708,-0.856418778202314,-2.7656694654394336,10,76,-1.5632872706220384,1,2017-05-17,0.09899306906630732,2017,5,17,False,False,False,False,True,False,False
10002,49.0,0,1,Self-Employed,0.21239730319615005,-0.5104628830271025,0.24426184577895632,8,191,-0.6035967485428745,0,2019-06-15,0.22839945913718623,2019,6,15,False,False,True,False,True,False,False
10003,35.0,1,4,Salaried,-0.13285764721882204,1.0483394746797388,-0.06781026658957655,6,56,0.1387916732608443,0,2019-09-28,1.2457687776271984,2019,9,28,False,False,False,False,False,False,True
10004,63.0,0,2,Unemployed,-1.4864181232232332,0.4254770565890632,-0.8031203102204082,1,122,-1.058602692123559,0,2015-10-05,2.1533316209245474,2015,10,5,False,False,False,False,True,False,False
10005,28.0,1,2,Salaried,0.5674870285791297,-0.729030585687717,2.052713332237289,7,179,-0.3595198626898136,0,2015-06-19,0.09589691828713924,2015,6,19,False,False,False,False,False,False,False
10006,41.0,1,2,Salaried,1.2711113750547731,1.1341298797199528,0.958729088898435,6,124,0.48300715844707093,0,2022-05-05,0.7992963073695265,2022,5,5,True,False,False,True,False,False,False
10007,59.0,2,1,Self-Employed,-0.6346109677971866,0.4635348285623012,-1.141911221792181,7,11,0.341703297901803,0,2020-09-19,1.1302259466754951,2020,9,19,False,False,True,False,True,False,False
10008,39.0,1,4,Unemployed,-1.7382514343305204,-0.8715213140961091,0.8358117541493857,11,15,0.8171200350492797,0,2015-09-24,0.1270295831489335,2015,9,24,False,True,False,False,True,False,False
10009,43.0,1,4,Salaried,-0.7414819145165334,-0.5266633956584876,1.2511202176740248,2,107,1.0374466913236349,0,2023-02-04,0.3477712187780698,2023,2,4,True,False,False,False,False,False,True
10010,31.0,1,1,Salaried,0.7689387949950609,0.6380798763352415,0.11386866295107986,6,65,-0.37202710905665476,0,2018-06-02,0.7040690579431713,2018,6,2,False,False,False,False,False,False,False
10011,31.0,1,4,Unemployed,0.4734105227595551,-0.504251886400523,-0.01968193518428789,9,72,2.65608405127471,0,2017-09-09,0.21054964307416368,2017,9,9,True,False,False,True,False,False,False
10012,44.0,0,1,Salaried,-0.9475352088040147,-0.8624705976555082,0.3247891953604535,8,157,-0.1742434349482652,0,2016-07-10,0.06561503045483094,2016,7,10,False,False,False,False,False,False,True
10013,56.0,1,1,Salaried,1.412980262406741,-0.28703980017421526,-2.15335841691528,2,144,0.7431627836453814,1,2022-01-11,0.2393325746752053,2022,1,11,False,False,False,False,False,False,True
10014,60.0,1,1,Unemployed,1.2459670013208461,0.6948355120787708,-0.21212341512605395,9,158,-1.0295796427996096,0,2020-05-01,0.6334544865207676,2020,5,1,True,False,False,False,False,False,False
10015,45.0,1,2,Unemployed,-0.7645496174865966,-0.19657961129784562,1.7792135226504442,5,106,0.28508602499765895,0,2022-01-02,0.6423261333964269,2022,1,2,False,False,True,True,False,False,False
10016,23.0,0,4,Unemployed,-0.7744838746557965,-0.7182546761269091,1.440912294502645,1,114,-0.5505315025781669,0,2017-07-03,0.18582183422306578,2017,7,3,False,False,False,False,False,False,False
10017,42.0,1,1,Unemployed,-0.6291379372975665,-0.5308758476105274,0.3200675331800412,1,144,-1.2100547607491905,1,2022-03-11,0.32198199267380545,2022,3,11,False,False,True,True,False,False,False
10018,22.0,1,4,Self-Employed,-0.546549848327673,-0.43801743688248806,-0.3253309443197406,4,175,0.004132993880767622,0,2022-04-14,0.3791863532231271,2022,4,14,False,True,False,False,False,False,False
10019,44.0,0,2,Unemployed,0.8617492782585358,-0.2183570016013628,-0.11322409175484395,4,55,-0.3663459595804093,0,2023-12-16,0.31007150954680285,2023,12,16,False,False,False,False,False,False,True
10020,64.0,0,1,Self-Employed,0.35439889409840725,0.2400605915340196,1.0250836404296841,6,121,-0.26040722442169,0,2019-07-24,0.6049911703072108,2019,7,24,False,False,True,False,False,False,True
10021,50.0,1,3,Self-Employed,0.7907878578687909,-0.8433370017687337,-0.20978759700442262,11,169,0.003660967664983975,0,2017-04-17,0.03812289037235415,2017,4,17,False,False,True,False,False,True,False
10022,58.0,1,2,Self-Employed,0.5941942603738911,0.8798559589124765,-0.7348363662922219,1,50,-0.7463158059813044,0,2024-03-04,0.8605445990405615,2024,3,4,False,True,False,False,True,False,False
10023,22.0,1,3,Salaried,1.5997605880435135,-0.9186022709915028,-0.01968193518428789,10,57,-0.1265566828355752,0,2023-07-30,0.003612399119640466,2023,7,30,False,False,True,False,False,False,False
10024,41.0,1,4,Self-Employed,-1.0798312889690258,-0.5495673848839348,0.9405527433996805,6,92,0.5124095957993694,0,2024-01-13,0.41364781514144466,2024,1,13,False,False,True,False,False,True,False
10025,53.0,1,4,Self-Employed,0.3109574869611145,-0.9059514757757087,0.48612198026234077,4,125,-0.10095067887483491,1,2021-12-04,0.011999861055344088,2021,12,4,False,True,False,False,True,False,False
10026,45.0,1,2,Salaried,-2.156373091168061,-0.5191527235920299,0.024161492173016795,5,17,-1.5369090273621109,0,2021-10-13,2.6484399982971993,2021,10,13,False,False,False,False,False,False,False
10027,42.0,1,4,Salaried,-1.328643222673925,-0.3164987921418425,-0.01968193518428789,7,93,-0.5418523923679052,0,2017-04-11,0.8267280527548267,2017,4,11,False,False,True,True,False,False,False
10028,64.0,1,3,Salaried,-0.12877595958258875,-0.34059509321917214,-0.5933000150184894,9,129,-0.6022713976391738,0,2016-04-08,0.36993135081690276,2016,4,8,False,False,True,False,True,False,False
10029,45.0,2,1,Unemployed,0.3475186293857084,-0.7801808825801738,-0.21936088298576814,11,122,-0.4531532605753295,1,2024-07-30,0.07710279920643305,2024,7,30,False,False,True,False,False,False,True
10030,47.0,0,1,Salaried,-0.15482152066620644,-0.07724412312071002,-0.01968193518428789,3,58,1.5702989072279403,1,2017-08-19,0.5418498234596743,2017,8,19,True,False,False,False,False,True,False
10031,62.0,1,1,Salaried,-0.6043740975798358,-0.8911741486659173,-0.3224362062211194,6,189,-0.22357421179725345,0,2018-07-31,0.029994622595353133,2018,7,31,False,True,False,False,True,False,False
10032,48.0,2,2,Self-Employed,-0.43264438453895304,0.2488219524693422,1.3550647805670035,5,120,-1.2038542381034985,0,2021-10-03,0.8565239810807254,2021,10,3,True,False,False,False,True,False,False
10033,36.0,0,4,Salaried,1.26640838207469,1.4761283583011855,-1.1229678766344275,9,122,-0.6392629949967286,0,2019-02-17,0.9330116571626349,2019,2,17,False,True,False,False,False,False,True
10034,35.0,1,3,Unemployed,-0.4274418136748591,-0.5880956313090127,-0.7251474314934684,1,8,1.1409362391463898,0,2018-02-04,0.24712611313025995,2018,2,4,False,False,False,False,False,False,False
10035,64.0,1,4,Salaried,1.63329475062222,-0.3312019392026215,-1.3033238849050857,7,79,1.4694201063939516,0,2018-11-17,0.21061227920787928,2018,11,17,False,False,False,True,False,False,False
10036,23.0,1,4,Self-Employed,2.5977153781733646,-0.5379471990368048,-1.5247575909840239,9,53,-0.9835274545055696,0,2020-11-24,0.11102933695470672,2020,11,24,False,False,True,False,False,False,True
10037,57.0,1,4,Salaried,0.38551200857965245,-0.9232410001255177,-0.21202355711903634,8,11,-0.17311108828133262,0,2021-01-11,0.0028274722134190118,2021,1,11,False,True,False,True,False,False,False
10038,27.0,1,1,Salaried,-1.2094790961680608,-0.5286942971654067,-0.6524553906339318,4,114,-0.8041597465840888,0,2024-02-20,0.484968233134511,2024,2,20,False,False,False,False,False,False,False
10039,41.0,1,3,Salaried,2.5977153781733646,0.3585972148751053,1.779828696654921,9,126,-1.4155296340377481,0,2021-08-17,0.36573244781213066,2021,8,17,False,True,False,False,True,False,False
10040,29.0,1,3,Salaried,-0.5334488030844099,-0.18507694588389906,-0.3102377310076987,3,15,-0.7317969290127433,0,2019-03-06,0.5705374846061354,2019,3,6,False,False,False,True,False,False,False
10041,59.0,0,4,Unemployed,-1.2102932846899774,-0.8411611582234899,1.297018882316086,5,96,0.19763881769419972,0,2022-12-03,0.10626900043597591,2022,12,3,True,False,False,False,False,True,False
10042,38.0,0,1,Unemployed,0.4389377087892869,0.612444275776068,0.968471264179067,7,186,1.5324939606332548,0,2024-08-23,0.7737714976594513,2024,8,23,False,False,False,False,False,True,False
10043,24.0,1,1,Self-Employed,-1.3972198353855911,-0.3073233734697893,1.8098393768453365,10,177,0.21252244054712,0,2023-06-18,0.8979772357455482,2023,6,18,True,False,False,False,False,False,True
10044,45.0,0,3,Unemployed,-0.792790931559933,0.5838733623123185,2.1360351092622345,2,27,0.11790655331336548,0,2016-03-09,1.3506832852027375,2016,3,9,False,False,False,False,False,False,False
10045,34.0,2,1,Salaried,-0.0755803562513063,-0.21649200608551908,0.25342181568352895,9,32,-1.1321569363106827,0,2015-01-04,0.4376217681891704,2015,1,4,False,False,True,False,False,False,True
10046,29.0,2,1,Self-Employed,-0.0755803562513063,1.7635838412445857,-0.01968193518428789,10,115,1.850117832634148,0,2023-08-19,1.654182328281089,2023,8,19,True,False,False,False,False,False,True
10047,46.0,1,1,Self-Employed,-0.7200265084999818,-0.8375016059309993,1.4066062102970338,10,61,-0.01025031036633128,0,2017-03-14,0.07790943995117253,2017,3,14,False,False,False,False,False,False,True
10048,45.0,0,2,Self-Employed,-0.49910368139613265,-0.7784763763811582,0.4027897120144546,0,30,-0.6064364910078041,0,2021-10-11,0.11318682093134003,2021,10,11,False,False,True,False,False,True,False
10049,40.0,1,4,Salaried,0.6509754913308935,2.0059479321723463,0.7467659074569343,3,157,-1.4936722739011254,0,2017-11-18,1.3701376309956321,2017,11,18,True,False,False,False,False,True,False
10050,48.0,0,3,Unemployed,-1.2526579915919573,-0.7159100307192391,0.616876914300789,3,58,1.2025308562564856,0,2016-02-06,0.26795262049609153,2016,2,6,False,False,True,False,False,False,True
10051,27.0,2,3,Salaried,0.37128193719063135,2.182911847806751,-1.190835965743482,0,33,-0.8225216101489168,1,2015-12-23,1.600719978798246,2015,12,23,False,True,False,False,False,True,False
10052,64.0,0,2,Self-Employed,1.1084541492639035,-0.3058742739767406,0.037473876262253236,8,101,-1.2494966301385177,0,2016-05-21,0.2526175986713267,2016,5,21,False,True,False,False,False,False,False
10053,28.0,0,4,Salaried,-0.3531206022123848,-0.8090138833783685,1.0770779604897571,2,168,0.09820527045526406,1,2021-06-06,0.08367606180882586,2021,6,6,True,False,False,False,False,False,True
10054,55.0,0,3,Salaried,0.9347943883601268,-0.8429466394543559,1.5390815384361614,4,18,0.062402434647335824,0,2020-04-17,0.03663074475026569,2020,4,17,False,False,False,False,False,True,False
10055,34.0,0,1,Unemployed,0.22507201942907634,-0.7365193087867028,-0.7577803266232546,5,82,-1.2058141297844276,1,2020-08-16,0.10445766607133371,2020,8,16,True,False,False,True,False,False,False
10056,37.0,1,3,Unemployed,-0.7623045438523736,1.2037205256562216,0.519515843470357,7,39,1.1663589263567764,0,2016-08-04,1.868164954331652,2016,8,4,False,False,True,False,False,False,True
10057,56.0,1,1,Self-Employed,-0.24754657377562664,-0.49001620878673946,0.1331377194372295,5,34,-1.4489718839274013,0,2020-03-08,0.29135937635744474,2020,3,8,False,False,False,False,False,False,True
10058,60.0,1,2,Salaried,-0.0755803562513063,-0.5158205300554732,-0.14159138118578096,2,96,0.8852188820341816,0,2023-04-20,0.2537140268451259,2023,4,20,False,True,False,False,False,False,False
10059,24.0,0,1,Salaried,-0.1411261103027039,-0.6204619948084125,0.34283834856623563,5,21,0.06185094720596364,0,2021-10-08,0.1949805306528499,2021,10,8,False,False,False,False,True,False,False
10060,45.0,1,3,Unemployed,0.09105726966304173,-0.7982399726265842,0.20175981146026786,0,199,-0.11103077666004116,1,2020-06-18,0.07477594463128324,2020,6,18,False,True,False,False,True,False,False
10061,26.0,1,3,Salaried,0.5117317063906869,-0.37969267548311897,0.5323721787419157,3,162,-0.9922099344436217,1,2022-08-12,0.2687129697793296,2022,8,12,False,False,False,False,False,False,False
10062,62.0,1,3,Salaried,0.4349043192553217,-0.8144471672025101,1.4527308803017749,5,97,0.6859260639376986,0,2022-06-18,0.057476609629099056,2022,6,18,False,False,False,False,False,False,False
10063,24.0,1,2,Salaried,-2.4054963510362057,0.5521286982377119,0.7804974741948806,6,177,2.433724559734722,0,2016-07-09,-68.28841409891646,2016,7,9,False,False,False,False,False,False,False
10064,49.0,0,2,Unemployed,-0.15046723674181428,-0.5491183212673295,-0.01968193518428789,10,83,-0.9169178251697183,0,2015-03-19,0.24110866746748258,2015,3,19,False,False,True,False,True,False,False
10065,38.0,0,4,Self-Employed,-1.5145651717582478,-0.5433550046426989,1.8850571671971132,10,114,-0.27282620957626064,1,2020-10-24,0.632877984509015,2020,10,24,False,False,True,False,False,False,False
10066,46.0,1,3,Self-Employed,-0.32281955660704115,-0.40158025516620377,1.113554953714638,9,183,0.44126923458141387,0,2020-05-06,0.36292869934872296,2020,5,6,True,False,False,False,False,True,False
10067,64.0,0,1,Salaried,-0.17604819464564328,-0.4469161470937441,-0.1155484236628651,2,106,1.2322615085858277,0,2024-07-28,0.30957597307023443,2024,7,28,True,False,False,False,False,False,True
10068,54.0,1,2,Self-Employed,0.886488805361599,3.395866550069428,-1.265317475541357,8,110,-1.6210456893781673,0,2022-01-28,1.8732498830603062,2022,1,28,False,True,False,False,False,False,True
10069,30.0,1,3,Unemployed,-0.08555925427424178,-0.2819175678316775,-1.0309215678292152,11,51,1.5697049310210773,1,2015-02-20,0.39915658124915093,2015,2,20,False,False,True,True,False,False,False
10070,56.0,0,3,Self-Employed,0.193936088869232,-0.8529977501580199,0.9329228345126526,11,185,-0.24160229233966912,0,2016-10-21,0.04166780421975221,2016,10,21,False,True,False,True,False,False,False
10071,34.0,1,2,Self-Employed,0.709622463813059,-0.16265842188928237,-0.6654415852118767,6,68,0.2771569693612993,1,2019-02-08,0.35087395769796853,2019,2,8,True,False,False,False,False,False,True
10072,51.0,1,4,Self-Employed,1.129537475458627,-0.7938776014737007,-1.0515967617802555,0,170,0.5570030757187399,1,2016-11-19,0.05437566764110057,2016,11,19,False,True,False,False,False,True,False
10073,35.0,0,2,Salaried,-0.17529890493793637,-0.9029785215946736,-0.7960598805641754,1,68,-0.21248262056606526,0,2015-06-08,0.016562061241390542,2015,6,8,True,False,False,False,True,False,False
10074,28.0,1,2,Self-Employed,0.03450928230513649,1.9691490994764176,-0.7237843839174627,0,91,1.361431098612021,0,2016-10-08,1.6991275440296862,2016,10,8,False,False,True,False,True,False,False
10075,34.0,1,1,Salaried,-0.04678531459869039,0.2899231596392896,0.8484989254276828,10,11,0.3417958763110605,1,2016-11-10,0.7395025868711951,2016,11,10,False,False,False,False,False,True,False
10076,43.0,1,1,Salaried,-0.5806168889700678,2.2857889140150967,-0.1813249667535652,8,26,-1.6147480986779728,0,2023-02-20,2.5309477842101833,2023,2,20,False,False,True,False,True,False,False
10077,60.0,1,4,Unemployed,-0.7994309658921691,1.204227823267452,-1.4240291195978192,8,85,0.3520785807904337,1,2024-08-18,1.9126448250015637,2024,8,18,False,True,False,False,False,False,False
10078,41.0,1,3,Unemployed,-2.2511032804802267,-0.3052695674671027,0.010643944218660025,6,173,2.5165334960567853,0,2020-02-25,7.117132420350706,2020,2,25,False,True,False,False,False,False,True
10079,36.0,1,2,Self-Employed,-1.0965192684072875,-0.7775127595875618,0.20612359589262794,9,78,0.3799933832044562,0,2019-12-17,0.16714801528732345,2019,12,17,False,False,True,False,False,False,True
10080,38.0,0,4,Unemployed,-1.7746202404010525,-0.6960805007459896,-0.5111038034814275,2,142,1.674862869165031,1,2024-02-06,0.5476302356958167,2024,2,6,False,False,True,False,False,True,False
10081,44.0,0,1,Self-Employed,1.1560504522069104,0.5675802294220158,1.160533851547637,4,189,0.25307202916682947,0,2019-11-29,0.5986722505245752,2019,11,29,True,False,False,False,True,False,False
10082,46.0,0,2,Unemployed,0.12554154385940025,-0.5674341035071226,-0.45140532921654336,3,139,1.5139554621931819,0,2016-07-24,0.20414563885230858,2016,7,24,False,True,False,True,False,False,False
10083,45.0,0,3,Self-Employed,-0.178124494715748,0.5100092132320363,1.1119275933178412,6,129,1.02432225418761,1,2017-03-24,0.9252494385271048,2017,3,24,False,True,False,True,False,False,False
10084,61.0,0,1,Unemployed,-0.7495564932340983,0.08420504655188848,0.5889805723484356,8,54,-0.15227472103003553,0,2020-08-21,0.8804528781859832,2020,8,21,False,False,True,False,True,False,False
10085,49.0,1,1,Self-Employed,-0.027701111163922678,-0.7687500480028238,0.9261483150508802,11,56,-1.0895208142400645,0,2021-06-12,0.09630839564074908,2021,6,12,False,False,False,True,False,False,False
10086,35.0,1,1,Salaried,-0.8756140027686711,-0.3476808945207329,-1.1441074194075767,1,165,0.08036515712135708,0,2024-07-19,0.5475330476641844,2024,7,19,False,True,False,False,False,True,False
10087,21.0,1,4,Self-Employed,0.11163364553702113,-0.0004579081431950947,0.07940720869326277,7,5,0.8627910203636391,1,2022-09-28,0.527410096661296,2022,9,28,False,False,False,False,False,True,False
10088,45.0,1,3,Self-Employed,0.18091054811155055,-0.7089133448300122,-0.07509677260433636,8,185,-1.5178370615918266,1,2015-09-03,0.12152155653023358,2015,9,3,False,False,True,False,True,False,False
10089,27.0,1,2,Unemployed,-0.0755803562513063,0.5285707206315425,-1.474766326426562,9,192,1.835796173199926,0,2017-07-25,0.8953890448016856,2017,7,25,False,False,True,True,False,False,False
10090,29.0,1,4,Self-Employed,-0.9069916087338618,-0.28291593579756014,1.10857766002429,9,166,1.285595713012826,1,2023-02-14,0.6215671912656541,2023,2,14,True,False,False,False,False,True,False
10091,44.0,0,4,Salaried,0.8730141067422574,-0.7805606992509445,-0.8566963837460765,8,8,0.6314420250268629,1,2020-05-08,0.06446261790309615,2020,5,8,False,True,False,False,False,True,False
10092,21.0,2,4,Salaried,-0.10753036571468182,-0.21107333832707337,-0.644234960098958,9,149,-1.6659250318961105,0,2015-02-07,0.4471646481356247,2015,2,7,False,False,False,False,False,False,False
10093,64.0,1,1,Unemployed,-0.8109313616429575,5.7660913209773,-1.0569742662512893,6,136,-0.07920054437668657,0,2023-02-17,6.04739011617512,2023,2,17,True,False,False,False,False,False,False
10094,28.0,1,3,Self-Employed,-0.4143758548508368,-0.7949048716305549,0.6957091420934444,8,175,2.2415953679804455,0,2015-05-02,0.09645714348426582,2015,5,2,False,True,False,False,False,True,False
10095,44.0,1,4,Self-Employed,-1.0326988769550967,0.46368584722552225,-1.5810038463911176,8,8,-0.6898690521793672,0,2016-04-03,1.4656120926533482,2016,4,3,True,False,False,False,True,False,False
10096,31.0,0,2,Salaried,-0.12136694899635711,-0.7381306401951025,0.6105423036269858,2,5,-0.04483072992618408,0,2018-07-07,0.11950625599190509,2018,7,7,False,False,True,False,False,False,True
10097,37.0,0,3,Unemployed,0.746882838145528,0.32263178095973416,1.0466825657873127,3,75,1.4647173552549797,1,2021-12-04,0.5662940117806268,2021,12,4,False,True,False,False,False,False,True
10098,28.0,1,2,Self-Employed,-0.0831975847434781,0.15965997671162038,0.5280488562868136,1,182,0.5968366491376094,0,2015-02-02,0.6709527007108436,2015,2,2,True,False,False,False,False,True,False
10099,55.0,0,3,Unemployed,2.2267955434820754,-0.635516872045702,2.751945276172866,9,193,-1.5974604617858368,0,2017-01-21,0.09002564490754297,2017,1,21,True,False,False,False,False,True,False
10100,55.0,1,2,Self-Employed,0.3505643754409648,-0.6052474816648777,0.755368941609236,2,39,-0.35078947460133375,0,2017-07-21,0.16769054329008984,2017,7,21,False,False,False,False,False,True,False
10101,45.0,1,1,Salaried,0.16566756106208785,0.3617595451300911,-0.9916599201760145,10,12,-0.42350555373903503,0,2020-02-27,0.7176065150695599,2020,2,27,True,False,False,False,True,False,False
10102,25.0,1,4,Unemployed,-0.9338851318858651,-0.42094534071991446,-0.01968193518428789,10,156,-0.19477055127069146,0,2017-11-26,0.49784875238050064,2017,11,26,False,True,False,False,False,False,False
10103,62.0,1,2,Self-Employed,-0.28689044370140476,0.14811763915029375,-0.49141427049804665,4,40,1.5263840784006573,0,2021-10-16,0.7285984525522221,2021,10,16,False,True,False,False,False,True,False
10104,59.0,2,3,Self-Employed,-0.8089930049180994,-0.7973522009563849,-0.08895835253503738,4,182,-0.9064004184318462,0,2020-02-19,0.11855756713987906,2020,2,19,False,False,False,False,False,True,False
10105,61.0,0,4,Unemployed,-2.148475070997478,0.6420580310639415,-0.36113732287037353,5,127,1.0209103123641252,0,2022-08-28,9.80215888222464,2022,8,28,False,True,False,True,False,False,False
10106,48.0,1,4,Self-Employed,-0.0755803562513063,0.08949817825870483,0.4813962480577747,6,47,-0.9335648322992757,1,2024-11-12,0.6256224402595765,2024,11,12,False,False,True,False,True,False,False
10107,27.0,0,3,Self-Employed,-0.5505276125242922,1.0197003656414918,-0.5711114181484066,6,31,1.6970780414114863,0,2019-12-23,1.5088030804076529,2019,12,23,False,True,False,False,False,True,False
10108,29.0,0,2,Self-Employed,-0.7910121560642734,-0.8122516023018057,2.091852763240604,0,36,-0.91184232030382,0,2018-09-30,0.1039224232112562,2018,9,30,False,True,False,True,False,False,False
10109,28.0,2,1,Self-Employed,0.1469422711020575,-0.19109584363656817,-1.2839467181666187,1,82,-1.073532187671251,0,2024-10-10,0.41323283876021044,2024,10,10,True,False,False,False,False,False,True
10110,32.0,1,1,Salaried,0.4386053469564262,-0.1786914496766328,1.1695095055557898,11,125,0.14046649273964595,0,2020-06-25,0.3766227288960752,2020,6,25,True,False,False,False,False,True,False
10111,54.0,1,2,Self-Employed,-0.36633539416478256,-0.5708997696586995,0.6645857560806485,8,150,-0.3644087414242395,0,2020-08-14,0.25170223795117597,2020,8,14,False,True,False,False,False,True,False
10112,53.0,1,4,Unemployed,-0.058981000401701594,-0.4254719016688572,-0.31986057511221233,9,160,0.5479125233990633,0,2021-10-31,0.3070079102104038,2021,10,31,False,False,False,True,False,False,False
10113,43.0,1,4,Salaried,-0.0755803562513063,-0.8969922142119019,-0.5006890933181086,1,161,-0.7610914012392073,1,2015-09-18,0.01952176689013809,2015,9,18,True,False,False,False,True,False,False
10114,44.0,1,4,Unemployed,-0.4044138084616114,0.19530218543774353,0.6378915375394153,5,20,-1.447377932625336,0,2021-01-03,0.805882439280735,2021,1,3,False,False,False,False,False,True,False
10115,57.0,1,4,Salaried,0.23558575791361114,-0.27477258712331354,-0.7441368190995384,10,103,0.44737558955746676,0,2019-01-05,0.3539177481399047,2019,1,5,False,True,False,False,False,False,True
10116,55.0,1,2,Self-Employed,-1.6592934885500952,-0.879962620670543,0.10706483851536346,10,51,-0.5482668207857616,1,2021-01-05,0.09634783919137808,2021,1,5,False,True,False,False,False,True,False
10117,64.0,1,4,Salaried,-1.255578500702871,0.008155099208534855,1.1661703426533776,0,191,-1.1034876812840844,1,2018-08-10,1.1825162315992985,2018,8,10,False,False,True,False,False,False,True
10118,60.0,1,3,Salaried,0.5284819466618775,-0.41277376043159747,-0.8504157866123664,2,35,-0.8044468995034204,0,2021-04-09,0.25106641365400584,2021,4,9,True,False,False,False,False,False,False
10119,42.0,1,4,Unemployed,-1.3060418485307894,-0.8999894200563004,0.3557171051084861,1,8,0.42423173135497083,1,2021-07-10,0.03803442742813955,2021,7,10,False,True,False,False,False,False,False
10120,47.0,1,1,Unemployed,0.16970842333692343,1.9379342860456326,0.3016640262497945,2,169,-1.3790086063844396,0,2017-09-08,1.5915191122835113,2017,9,8,False,False,True,False,False,False,True
10121,55.0,1,4,Self-Employed,-0.1984682119454078,1.5149853923561936,-0.12059677938244859,4,21,0.01651138157319931,0,2024-03-29,1.5862206879927758,2024,3,29,True,False,False,False,True,False,False
10122,21.0,1,2,Salaried,2.5977153781733646,-0.33854071856298984,-0.536101078059808,10,43,1.2618584845159793,1,2019-06-08,0.16767957102420497,2019,6,8,False,True,False,False,False,True,False
10123,55.0,1,1,Salaried,-0.0755803562513063,-0.8480595941004346,1.220757769262994,9,52,-0.9098242121980024,0,2019-06-20,0.04958601711057292,2019,6,20,False,True,False,False,False,True,False
10124,57.0,1,2,Salaried,0.8219521345412248,0.22408933796193312,-0.6319685500145693,5,178,-0.9857464491796251,0,2018-09-11,0.5094498191204716,2018,9,11,True,False,False,False,False,False,False
10125,34.0,1,2,Self-Employed,1.614602252751696,-0.37312967413313153,-1.8734845606786674,8,180,-0.5661449741325192,0,2018-07-25,0.1967523652955341,2018,7,25,True,False,False,False,False,False,True
10126,23.0,1,1,Self-Employed,0.2335169983915209,-0.63321669798285,0.6337056966039724,11,43,0.2633590928910391,0,2019-11-08,0.1600674825295995,2019,11,8,True,False,False,False,False,True,False
10127,21.0,1,2,Self-Employed,0.25505733871226005,-0.3739576606866493,-1.249148183804916,10,136,2.3339916305694355,0,2020-09-01,0.2980193819126129,2020,9,1,False,True,False,False,False,True,False
10128,25.0,1,2,Self-Employed,-0.0755803562513063,-0.3223071820563268,0.6861967383809849,9,34,-0.5461424196524287,0,2019-10-04,0.37260881935751405,2019,10,4,False,True,False,False,True,False,False
10129,46.0,0,4,Self-Employed,-1.2118943997942089,-0.250024870319102,1.3435386748939846,11,162,-0.4365357578188519,1,2019-03-03,0.8244811082479326,2019,3,3,False,False,True,True,False,False,False
10130,34.0,1,3,Self-Employed,-0.09485546836352225,-0.45119180314632645,0.622681834584275,11,26,1.1079890745236833,1,2022-11-15,0.29590256286504973,2022,11,15,False,False,False,False,False,False,False
10131,59.0,1,2,Salaried,-0.9971072514812269,-0.16499711819197047,1.0741788734107667,3,70,-0.23814261786694546,1,2015-08-03,0.7831305378657942,2015,8,3,True,False,False,False,False,False,False
10132,47.0,0,2,Salaried,-1.7688042561995334,1.130883108352108,2.043942445950268,6,112,-0.8547608376795268,0,2022-05-18,4.800911990979615,2022,5,18,False,True,False,True,False,False,False
10133,45.0,1,2,Salaried,0.7196586259803462,-0.5596449545605569,0.9671975036734421,5,16,-0.7446742152851583,0,2020-12-08,0.16850752951966555,2020,12,8,False,True,False,False,False,True,False
10134,35.0,0,4,Salaried,0.76672295333515,0.13271172611500814,0.31684281349405297,1,40,0.16107197248277388,1,2020-02-01,0.4773160736563172,2020,2,1,True,False,False,False,True,False,False
10135,35.0,1,3,Salaried,-0.8861036654593061,0.9163531979719749,1.649243216325572,9,22,-0.1013670118380258,1,2018-09-30,1.7508315335262983,2018,9,30,False,False,False,False,True,False,False
10136,46.0,1,1,Salaried,0.17920105988155466,-0.42923195654632945,1.7727613524932997,10,94,-0.8519984397350542,0,2015-06-07,0.2762977995986383,2015,6,7,True,False,False,False,False,False,False
10137,62.0,1,4,Salaried,0.9114153104530022,-0.44790735667137455,1.7870692812867803,10,185,-0.6922559604083184,0,2023-12-28,0.20670792733766713,2023,12,28,False,False,False,False,True,False,False
10138,33.0,0,4,Salaried,0.14158741339987868,-0.17253504092651395,-0.5241956560640051,10,5,-1.2116528142317349,0,2019-03-26,0.42453181206959556,2019,3,26,False,True,False,True,False,False,False
10139,52.0,1,3,Unemployed,-1.209051870158006,-0.19433099005785698,-1.4052640919626955,7,131,2.144709048163249,0,2015-10-07,0.8899584060804702,2015,10,7,False,False,False,False,False,True,False
10140,59.0,2,3,Salaried,-0.2814421869069537,0.41937353723712073,-0.5866038526332829,6,190,-1.11644665044703,0,2019-01-07,0.9097510573520305,2019,1,7,False,False,True,True,False,False,False
10141,52.0,1,4,Unemployed,1.2252264170439202,-0.39770700524282204,0.6982191100923462,6,94,0.1682182472913434,1,2020-03-27,0.2083883887578055,2020,3,27,False,True,False,False,False,False,True
10142,24.0,0,1,Self-Employed,0.18215925474093295,3.627571822243945,-0.01968193518428789,7,91,0.7356646667510797,0,2015-11-11,2.517245821105731,2015,11,11,False,False,True,False,False,False,False
10143,50.0,1,4,Salaried,0.46433231719737494,-0.8784542158269708,-0.23217154087523859,11,94,-0.4033946869252254,0,2023-04-12,0.02503326781074426,2023,4,12,True,False,False,False,True,False,False
10144,57.0,0,3,Self-Employed,0.2735450801143744,-0.9261623191640928,0.5518707748962,11,138,-0.9865318238354911,0,2015-12-29,0.0013887553339049395,2015,12,29,True,False,False,False,False,False,True
10145,43.0,1,1,Self-Employed,-0.8828893918374716,-0.08998204505634771,-1.5246516066593125,10,74,0.23313490735324296,0,2023-07-30,0.7942063698851856,2023,7,30,True,False,False,False,True,False,False
10146,59.0,1,3,Self-Employed,-0.6562025537814485,-0.6379233528582419,-0.01968193518428789,0,48,-1.1590330935298092,0,2024-09-12,0.23906291059116297,2024,9,12,False,False,False,False,False,True,False
10147,35.0,1,1,Unemployed,0.2708750035946104,-0.7031595219089535,1.1222729187689469,0,156,-1.0961467453861493,0,2021-12-21,0.12046162169251837,2021,12,21,False,True,False,False,False,True,False
10148,63.0,1,2,Self-Employed,0.7326280734363456,-0.6220223003808876,0.5404563639684132,7,90,0.699925181670157,0,2022-10-23,0.13944718645769977,2022,10,23,True,False,False,False,False,True,False
10149,49.0,1,3,Self-Employed,1.0060373302313428,-0.6860605285249292,0.6861238270257449,3,23,-0.5882699204934032,0,2017-11-04,0.10141241499985301,2017,11,4,True,False,False,False,True,False,False
10150,56.0,1,3,Self-Employed,-0.8853953690696665,-0.9031034900118589,1.6118533040238958,4,105,-1.5557012675402475,0,2016-04-12,0.024339427465023752,2016,4,12,False,True,False,False,False,False,True
10151,33.0,0,4,Salaried,0.3619254365307603,1.9916356735299359,-0.08870857863124282,7,150,1.392754743267367,0,2021-01-31,1.507459158002542,2021,1,31,True,False,False,False,False,True,False
10152,52.0,1,3,Salaried,1.0902135174846628,-0.7241024393456115,-0.6887280501754749,4,99,1.1240881798523081,0,2019-06-08,0.08343947706740797,2019,6,8,False,False,True,False,False,False,True
10153,27.0,0,3,Unemployed,-1.0099860446141034,0.1579670589829385,1.1949127351417228,9,105,-0.16183412873439307,1,2021-06-23,1.1247961882385638,2021,6,23,False,True,False,False,True,False,False
10154,42.0,0,2,Unemployed,1.3797258061443778,0.25120195356205205,1.1761086876503208,3,34,-1.0191042030677788,0,2019-11-07,0.44396825212965174,2019,11,7,False,True,False,False,False,False,True
10155,48.0,1,3,Salaried,1.5267444893683275,1.2446717475920819,-0.01968193518428789,11,174,0.2823643787574197,1,2019-08-15,0.7869510626550097,2019,8,15,False,True,False,False,True,False,False
10156,22.0,0,2,Unemployed,2.479358314626188,-0.9033071584124889,-0.18503470619256587,5,37,0.359530611911797,0,2022-02-20,0.00740902340616139,2022,2,20,False,False,True,False,True,False,False
10157,45.0,0,2,Salaried,0.1666132655685537,0.7584009212206217,-0.01968193518428789,11,16,0.45989659502925634,1,2023-12-08,0.9378128835627015,2023,12,8,False,True,False,False,False,False,False
10158,26.0,1,2,Self-Employed,0.1719177837411513,-0.3140489825577235,-1.3262984626752288,4,122,0.5858365087017207,1,2015-05-27,0.340979142789144,2015,5,27,False,False,True,False,True,False,False
10159,48.0,1,2,Self-Employed,0.7424064857024287,-0.10725516871335473,1.1166390739082341,6,98,-0.8068196152327921,0,2023-08-06,0.3722914417306396,2023,8,6,False,True,False,False,True,False,False
10160,48.0,1,1,Unemployed,0.7142073690780858,-0.0801810805828901,1.0805578434149965,9,159,0.39266503014467796,0,2020-05-01,0.38807138412455394,2020,5,1,False,False,False,True,False,False,False
10161,64.0,1,4,Salaried,1.0315994618528233,0.4774171857169048,-1.3619856876316023,6,171,-1.3236999826179785,0,2020-08-26,0.5831528551978541,2020,8,26,True,False,False,False,False,True,False
10162,64.0,1,1,Salaried,0.7009060774945459,-0.5959641528006596,-0.01968193518428789,3,141,-0.05228774838228291,1,2020-05-26,0.1528537202417023,2020,5,26,False,False,False,False,False,False,False
10163,40.0,1,3,Unemployed,-0.15892330620014813,0.15495352870894313,0.3920085195545934,11,153,0.7687159999864558,0,2015-08-12,0.6908809090298683,2015,8,12,True,False,False,False,False,False,False
10164,50.0,0,1,Salaried,1.1239780273218871,-0.3116991586103048,-1.065825357205844,4,80,0.5753833652592961,0,2023-07-02,0.24914493116521713,2023,7,2,False,False,True,False,False,False,False
10165,31.0,0,1,Self-Employed,-1.0912963292804996,0.3652179919627254,-1.2539496320253647,2,33,-0.13705157152941347,0,2018-12-14,1.4241475147113043,2018,12,14,False,False,False,True,False,False,False
10166,48.0,1,3,Unemployed,-0.0508144557006713,2.8961527820174537,0.3607184979906002,3,165,-0.5295841348904214,1,2022-06-06,2.324990977243486,2022,6,6,False,True,False,False,True,False,False
10167,45.0,1,3,Unemployed,1.4540964641848817,-0.7449939662407292,-0.42765312877296524,3,194,-0.28282174708315716,0,2018-06-03,0.0678019957095165,2018,6,3,True,False,False,False,False,True,False
10168,59.0,1,3,Salaried,-1.2642024406044858,3.3631234506892773,1.839386040479485,2,121,-0.7945257594663064,0,2015-09-14,5.458983854610458,2015,9,14,True,False,False,False,False,False,True
10169,53.0,1,1,Unemployed,-0.7109073992891543,-0.8515471569913984,-0.01968193518428789,9,19,-0.9779722295715526,0,2017-07-31,0.06555793115440044,2017,7,31,False,False,False,False,True,False,False
10170,21.0,1,1,Salaried,0.5924382202863614,-0.9268619654532555,0.4631497744945946,4,6,0.5719438108731264,0,2021-03-19,0.0009064173666094233,2021,3,19,False,False,True,True,False,False,False
10171,47.0,0,3,Salaried,0.3240500751036744,-0.8917035830691065,0.5136354443912838,4,184,-1.2907748691145715,0,2018-10-14,0.019399366917246242,2018,10,14,False,False,False,False,True,False,False
10172,45.0,1,4,Salaried,-0.9017399096146017,-0.5855892412925733,1.3394127258816209,10,121,-1.6032981629170153,0,2019-10-31,0.3290964026812879,2019,10,31,False,False,True,False,True,False,False
10173,61.0,0,4,Salaried,-0.4585100471314763,-0.10644589502935553,0.844277385439712,6,176,-0.24357550613965245,0,2024-02-27,0.6061912717956868,2024,2,27,False,False,True,True,False,False,False
10174,23.0,2,2,Salaried,-1.1970999889190224,-0.8700726885687288,-0.01968193518428789,3,186,-0.5316786115940937,1,2018-11-21,0.07040027574489223,2018,11,21,True,False,False,False,False,False,False
10175,59.0,1,3,Unemployed,0.8906779889410577,-0.9241034800741275,-1.0231834935014845,3,22,-0.1337088959211321,0,2019-05-17,0.002016962468974469,2019,5,17,False,False,False,False,False,False,False
10176,26.0,0,2,Self-Employed,-0.3036484773670437,1.3409726321968471,3.1090429343422494,8,7,-0.7434118071101692,0,2024-07-12,1.5480858786578238,2024,7,12,False,False,False,False,False,True,False
10177,45.0,1,4,Self-Employed,1.6747498343031348,0.4871687055935644,-1.1488424867543052,5,139,0.9068494078276647,0,2018-07-06,0.49393954596018286,2018,7,6,False,False,True,False,False,True,False
10178,47.0,1,2,Unemployed,0.021874813719726268,0.43045259132864705,-0.34059524369233657,3,175,0.13089035216040398,0,2016-11-28,0.8011484386859895,2016,11,28,False,False,False,False,False,False,False
10179,29.0,1,3,Unemployed,-0.26873631934763437,0.8418742593082852,-1.7126706940841958,1,170,-0.7908638058931939,0,2024-02-25,1.187654485668338,2024,2,25,False,True,False,False,False,False,True
10180,45.0,0,3,Self-Employed,-0.36251673796718736,0.05926632230895001,0.5297046581660197,5,169,-0.9012498813610473,0,2020-09-08,0.6936057785468013,2020,9,8,False,True,False,False,True,False,False
10181,53.0,1,3,Self-Employed,-0.29236415910553093,-0.8382854015039443,0.13338329313275848,1,190,0.4614224203873182,0,2021-04-08,0.0613782337828528,2021,4,8,False,False,False,False,False,False,True
10182,62.0,0,1,Self-Employed,-0.0755803562513063,-0.5108297005351703,0.7612265144063696,4,165,0.01590372185999568,0,2018-06-24,0.25678039744134823,2018,6,24,False,False,False,False,True,False,False
10183,64.0,0,2,Self-Employed,2.3705109425582007,0.12506789579517397,-1.7988862064244118,5,112,-0.059850397701295646,0,2021-04-14,0.3137225633105927,2021,4,14,False,False,True,False,False,False,False
10184,44.0,1,4,Self-Employed,-0.38380529665197155,-0.6588255307421436,1.1165973010838979,3,191,0.17768004549854105,1,2020-01-23,0.19152623370887337,2020,1,23,False,True,False,False,False,True,False
10185,35.0,2,4,Salaried,-0.3524043887462893,0.025429623416897095,-0.8465089608893679,2,99,0.37375648619307406,0,2020-11-27,0.6665028875513468,2020,11,27,False,True,False,False,False,True,False
10186,52.0,1,4,Unemployed,0.006895675985204587,-0.9084129547051707,-0.17341579333043622,6,126,-0.7907672631734458,1,2016-05-04,0.012071831664758085,2016,5,4,True,False,False,False,False,False,True
10187,52.0,1,1,Salaried,0.9967343475274767,-0.6288646098751435,0.9312246611018024,1,15,-0.7446107654693543,0,2022-04-29,0.12565701691932524,2022,4,29,False,False,True,False,False,True,False
10188,44.0,1,1,Self-Employed,-1.4291349350906508,-0.27512235474355756,0.24599267356455798,10,72,-0.9362947065528185,0,2022-11-27,0.9763813033410192,2022,11,27,True,False,False,False,False,False,False
10189,61.0,1,3,Self-Employed,0.3831505228465268,-0.10826899543707186,0.3182424682465309,5,127,-0.46222813323986356,0,2016-06-23,0.4202664773456189,2016,6,23,False,True,False,False,False,False,True
10190,32.0,0,4,Self-Employed,-0.0755803562513063,-0.2226863678322025,0.7958838878166424,3,117,0.15971000418698175,1,2015-12-12,0.43381594620203884,2015,12,12,False,False,True,False,True,False,False
10191,59.0,1,1,Salaried,0.47799208376556473,0.053058335297127175,0.4172473178615533,5,102,0.17671927255478892,0,2015-08-05,0.48618126948735413,2015,8,5,False,False,False,False,False,True,False
10192,22.0,1,3,Salaried,-0.0755803562513063,-0.9237543835543022,-0.3697965434384912,3,97,-1.5188615695395065,0,2016-06-14,0.00307906356219958,2016,6,14,False,False,True,True,False,False,False
10193,45.0,0,4,Self-Employed,-2.2822242559181496,-0.841452098677658,-0.1912686365998618,3,26,2.4068537779866457,0,2023-02-03,1.3315049441048903,2023,2,3,False,False,False,False,False,True,False
10194,57.0,1,2,Salaried,0.30054314075676297,0.7387317718078622,0.19550481784091753,3,198,1.3095970058540123,0,2017-10-09,0.8804804700374338,2017,10,9,False,False,False,False,True,False,False
10195,37.0,1,3,Salaried,0.29239704814290457,0.01071078140561898,-0.936592063954374,8,176,-0.9277048750942924,0,2024-07-26,0.49758221734613955,2024,7,26,False,False,True,False,False,False,True
10196,22.0,0,1,Self-Employed,-0.615857765972276,-0.8304348646829338,0.9970970455730845,6,131,-0.673690362509733,0,2022-08-13,0.07897101741963866,2022,8,13,False,False,False,False,True,False,False
10197,22.0,0,1,Salaried,-0.6731061922397354,0.5856954916824324,0.2739898227789047,2,138,0.693128698605828,0,2017-07-16,1.2572020870502076,2017,7,16,True,False,False,True,False,False,False
10198,48.0,1,3,Unemployed,-1.3232502060406963,-0.7011599178551786,0.0553491937170681,2,174,0.8054727556863672,1,2023-12-07,0.3057542095146905,2023,12,7,False,True,False,False,False,False,False
10199,43.0,0,3,Unemployed,0.6903445990653404,-0.39491776473676865,1.1979606486317023,5,29,0.7570215311674833,0,2017-03-05,0.24603788957303144,2017,3,5,False,False,False,False,False,True,False
10200,57.0,0,1,Unemployed,0.795750198267969,-0.8000325531526028,-0.14388083429575493,5,189,-0.5471884716858968,0,2024-02-17,0.057357719232886864,2024,2,17,True,False,False,False,False,False,True
10201,52.0,1,2,Unemployed,-0.9056285097154352,0.08730248202269582,-0.20757574697179787,3,89,0.3977026693634048,0,2016-01-27,0.9769588640662406,2016,1,27,False,False,False,False,False,False,False
10202,45.0,1,4,Self-Employed,-0.5780429846464157,-0.02682029757209861,-0.5165135545032171,8,59,1.6783554799372042,1,2020-04-30,0.70912063246801,2020,4,30,False,True,False,False,True,False,False
10203,21.0,1,2,Self-Employed,-0.11760491191634756,-0.7341839499082667,0.32961465740867746,3,148,-0.2912968885602383,1,2019-07-20,0.12177707706111979,2019,7,20,True,False,False,False,False,False,True
10204,39.0,1,3,Self-Employed,2.1371817560904094,0.7047369401692727,0.29422685290388206,8,99,0.17825795318256663,1,2018-06-19,0.5114351605466476,2018,6,19,False,True,False,False,False,False,False
10205,22.0,1,2,Unemployed,0.470118297053915,-0.5078119541706275,-0.7022143816691734,3,146,1.091806057830794,0,2021-04-09,0.20902553329986454,2021,4,9,False,True,False,False,False,False,True
10206,64.0,1,1,Unemployed,-0.9678045633228078,-0.6448182525645297,-0.20274345817186049,1,171,-1.393309607852863,1,2017-03-01,0.28508252015018526,2017,3,1,True,False,False,True,False,False,False
10207,45.0,1,3,Salaried,0.23698313831936205,-0.7931564533626598,1.3491555183858515,1,160,-0.2499039625515716,0,2017-01-24,0.07334769839785732,2017,1,24,True,False,False,True,False,False,False
10208,52.0,1,4,Salaried,-1.3863480004007835,-0.6748212451078061,-0.7416578901721146,4,183,0.9150581681954881,0,2021-01-29,0.3629113082642934,2021,1,29,True,False,False,False,False,True,False
10209,26.0,1,1,Unemployed,0.6371088480173948,-0.9104893069326438,-1.789514243985767,3,123,-0.9868240250030232,0,2024-11-23,0.008572112390114663,2024,11,23,False,False,True,False,False,True,False
10210,45.0,1,1,Unemployed,-0.0755803562513063,-0.2105358472532515,-0.2571448389809364,6,181,1.0605336048320857,0,2024-03-01,0.44128123806995817,2024,3,1,True,False,False,True,False,False,False
10211,24.0,1,4,Unemployed,1.5662063044575347,0.5865080595089044,-1.761213154630924,10,13,-1.645892974383959,1,2016-09-01,0.5431517712213167,2016,9,1,True,False,False,False,False,False,True
10212,31.0,0,4,Unemployed,0.6534372860359717,-0.2753950976765194,-0.4942147087145212,4,190,0.39493187387912787,0,2017-05-25,0.30479297246297227,2017,5,25,True,False,False,True,False,False,False
10213,37.0,1,2,Salaried,-0.0755803562513063,-0.7256505152334699,-0.01968193518428789,5,177,1.3607890228074162,0,2018-02-07,0.12479427630303183,2018,2,7,True,False,False,False,False,True,False
10214,58.0,0,3,Unemployed,-1.3131352794879751,-0.9006622962152084,1.0542280101766852,9,154,-0.20822592199128784,1,2017-11-19,0.037393240850082075,2017,11,19,False,False,False,True,False,False,False
10215,44.0,1,4,Salaried,-1.4090619787163006,-0.7305190060126442,-1.058629290764418,3,164,0.0584175567282432,1,2017-01-16,0.28997691549579163,2017,1,16,False,False,True,True,False,False,False
10216,25.0,0,4,Unemployed,-2.575911212644151,-0.4872506040124332,-0.7992299979600616,11,46,-0.5262906793207116,0,2019-10-24,-3.1023113616747917,2019,10,24,False,True,False,False,False,False,True
10217,54.0,1,3,Unemployed,0.6137949427519986,0.2409489948433192,-0.4111128327820672,1,57,-0.35547874766853055,0,2016-03-04,0.5529017744824003,2016,3,4,True,False,False,False,False,False,False
10218,26.0,2,4,Unemployed,-0.15580662356937522,-0.7580378613320555,-0.6141555186324456,9,191,-0.28206515710315666,1,2024-05-16,0.10868778166453624,2024,5,16,False,False,False,False,False,True,False
10219,42.0,1,4,Salaried,0.8218324941892242,0.1151748003879085,1.3786552191265506,8,78,0.7123177705575872,0,2023-02-09,0.46133745743004756,2023,2,9,False,False,False,False,False,False,True
10220,31.0,1,2,Salaried,1.3230066508160327,0.7262374708134385,-1.1850151031015732,9,43,1.2906058388299626,0,2022-09-15,0.6322537457682001,2022,9,15,False,False,False,True,False,False,False
10221,45.0,0,1,Self-Employed,0.04004068114395495,-0.4322918258110366,-0.4089459890747205,6,126,-1.0330360060164587,0,2017-06-23,0.29042967403185105,2017,6,23,False,True,False,True,False,False,False
10222,53.0,1,1,Unemployed,0.08453071276917878,0.4848925352134251,0.31836789305472346,3,19,1.0606803396302273,0,2018-06-15,0.8120086703037858,2018,6,15,True,False,False,False,False,False,False
10223,29.0,1,1,Self-Employed,-0.5049999595793464,-0.2650012436553721,-0.01968193518428789,2,161,-0.6989530379994662,1,2022-12-07,0.5014742721930499,2022,12,7,False,False,True,False,False,True,False
10224,26.0,1,1,Self-Employed,-0.39078438225352985,-0.09703853742579076,-0.4098016869274389,9,127,-1.5032470754758898,0,2023-01-17,0.5921972983112007,2023,1,17,False,False,True,False,False,True,False
10225,36.0,1,4,Salaried,2.5977153781733646,-0.3156922382181915,-1.9819071875067902,2,115,-0.5890223837130234,0,2018-03-26,0.17417069286031364,2018,3,26,False,False,False,False,True,False,False
10226,49.0,1,3,Salaried,2.5977153781733646,-0.418309466028617,-0.17453929031768683,8,135,0.5738432542462346,0,2017-03-06,0.1450177287178719,2017,3,6,False,True,False,False,False,True,False
10227,23.0,1,3,Self-Employed,-0.3646283165698941,-0.7093249098282803,1.36104527490996,4,87,1.4286878399636407,0,2019-12-12,0.15421096532336914,2019,12,12,False,True,False,False,False,False,False
10228,40.0,0,2,Unemployed,-0.07416183205494781,-0.6323379874285782,0.26737929262849947,2,14,-1.3059934736284868,0,2020-03-01,0.18201329397894836,2020,3,1,False,True,False,False,True,False,False
10229,56.0,1,2,Salaried,0.799724710370312,-0.6477647027490381,0.22059047891566538,4,96,0.4493365219389916,0,2017-09-27,0.12504460723314312,2017,9,27,False,False,True,False,True,False,False
10230,39.0,1,4,Unemployed,-0.7255769373059562,-0.24894098709132947,-1.107783268474463,1,33,1.3142455227010916,0,2016-06-29,0.5822982377645551,2016,6,29,False,False,False,True,False,False,False
10231,46.0,1,3,Unemployed,-0.12073415985203374,-0.8239134067317091,-1.2127229199321028,10,39,-0.31066828917620115,0,2015-08-02,0.06571192437965712,2015,8,2,True,False,False,True,False,False,False
10232,23.0,1,3,Self-Employed,0.1804699131706992,1.1114945970504855,-0.0026488818338289925,3,10,0.8044590664071463,0,2019-02-12,1.1279305466969487,2019,2,12,False,False,True,False,False,True,False
10233,39.0,1,1,Self-Employed,1.0643033389420133,3.2571294171974943,-0.01968193518428789,9,144,-1.495441042315743,0,2022-02-20,1.7194095288022078,2022,2,20,False,False,False,False,True,False,False
10234,40.0,0,4,Self-Employed,-0.2876278183190272,-0.5076205879840037,0.7776705220917508,1,115,0.7281303505997347,0,2018-07-05,0.2850393762635133,2018,7,5,False,False,False,True,False,False,False
10235,52.0,1,4,Self-Employed,-0.7498831934661867,-0.7870404360440405,-0.8865930174720401,1,42,-0.4313050456909197,0,2022-10-14,0.12320951495556279,2022,10,14,True,False,False,False,False,False,False
10236,27.0,1,1,Salaried,-0.5243591232872749,0.824785949996234,-0.04629869851317772,11,81,-1.0981145884416699,1,2020-04-25,1.338668237340861,2020,4,25,True,False,False,True,False,False,False
10237,61.0,1,4,Salaried,0.9607827580842017,0.4957449028849327,-1.9488544704460016,7,97,0.7034569195752879,0,2017-02-16,0.6032953439535739,2017,2,16,True,False,False,True,False,False,False
10238,53.0,1,4,Self-Employed,1.9076994730243169,0.12084647800900244,-0.4236639819337707,0,151,-0.7409994267567919,0,2020-07-27,0.3462336937739781,2020,7,27,False,True,False,False,True,False,False
10239,45.0,0,2,Salaried,-1.3255541950007377,-0.6687842959506625,-1.2333614764058516,6,71,-0.5283755293066715,0,2019-10-02,0.3500128136806759,2019,10,2,True,False,False,False,True,False,False
10240,59.0,1,3,Self-Employed,-1.1145261140287563,-0.5062471472772851,-2.3947577268903273,4,140,-0.7434376972413572,1,2022-06-03,0.47359147098888094,2022,6,3,False,False,False,False,False,False,True
10241,38.0,1,4,Unemployed,-0.21952502374046343,-0.8398011533342977,0.5328163757947921,10,12,0.49637386364232833,0,2023-09-19,0.05831049398247597,2023,9,19,True,False,False,False,False,False,False
10242,60.0,2,2,Self-Employed,0.05071548383651514,-0.7568279083650695,1.6566151657684822,7,126,1.064989723806618,1,2022-01-21,0.10013841126481134,2022,1,21,False,False,False,False,True,False,False
10243,21.0,1,3,Unemployed,0.7037426173338355,0.32500441763460314,-0.01968193518428789,0,88,-1.1682538928380128,0,2023-04-07,0.575318176071968,2023,4,7,False,False,True,False,False,True,False
10244,31.0,0,1,Self-Employed,-0.9172998073793203,0.10137356291423129,0.6757793462563697,10,179,-0.9973266015827269,1,2024-02-22,0.9984195855955822,2024,2,22,False,True,False,False,False,False,False
10245,48.0,1,2,Unemployed,-1.0834281727085757,-0.19014513196437927,-0.4444357837446018,6,136,-0.14402665225010203,1,2023-06-18,0.8079668590972066,2023,6,18,False,False,True,False,False,False,False
10246,45.0,0,2,Salaried,0.07692400958932069,0.9263193439842559,0.8027447567249423,4,183,0.4191794182038739,0,2015-07-29,1.068871187306118,2015,7,29,False,False,True,False,True,False,False
10247,43.0,1,3,Unemployed,-0.3060821745784158,-0.21051807614560228,1.230015587433115,3,89,-0.7779490529278846,0,2021-11-12,0.49046060178675327,2021,11,12,False,False,False,False,False,False,False
10248,51.0,0,1,Unemployed,0.8387421126127783,-0.41248759531655804,0.11877648419867763,6,199,-0.3932388905502193,0,2018-02-15,0.22695278123349114,2018,2,15,False,False,True,False,True,False,False
10249,50.0,1,2,Unemployed,0.414320419232867,-0.5873471975108204,-1.231827688867454,9,49,-1.4286487099322176,0,2017-04-05,0.17292365357254455,2017,4,5,False,False,False,True,False,False,False
10250,62.0,1,4,Salaried,0.4800271102001476,1.3859785095831474,1.5129414755514152,1,140,-0.8524617428835413,0,2020-06-26,1.1454017474256943,2020,6,26,True,False,False,False,False,False,True
10251,55.0,1,4,Self-Employed,-0.15739648706040332,-0.8579202545790724,1.7195225171694528,11,91,0.24566896665604437,0,2018-10-16,0.045133623433217106,2018,10,16,True,False,False,True,False,False,False
10252,27.0,0,4,Salaried,2.2190161890410254,7.841495776446815,-0.09750099998413467,0,20,-0.4685072239938423,0,2024-08-12,2.696975935669796,2024,8,12,False,False,False,False,True,False,False
10253,36.0,0,1,Self-Employed,-0.865730019598331,0.5095340551864752,-3.419888950873642,0,81,0.6595964711526693,0,2023-07-24,1.3463761221469501,2023,7,24,True,False,False,False,True,False,False
10254,46.0,0,2,Self-Employed,0.5335728058026249,-0.8145583269034404,-1.522728085809609,10,199,-0.9170594670847234,0,2024-12-10,0.05547272597802398,2024,12,10,False,True,False,True,False,False,False
10255,22.0,1,4,Unemployed,-1.2829847969170933,-0.2457491374673476,-0.4549933088346581,11,13,0.45243239205381897,0,2021-06-25,0.8836937969087029,2021,6,25,False,False,True,False,False,True,False
10256,21.0,0,1,Self-Employed,-1.0934345912242547,0.723863773406848,1.0378003231782296,0,64,2.3474503818699044,0,2017-04-09,1.8219050489461635,2017,4,9,False,True,False,False,False,True,False
10257,32.0,1,4,Salaried,-0.6431619578650223,-0.23277352490110856,-0.30029698350512846,11,82,0.5804308620601439,1,2016-12-17,0.5677745600725099,2016,12,17,False,False,True,False,False,True,False
10258,25.0,1,3,Salaried,1.517454020045119,1.02196980364394,1.0568210968552858,4,81,0.4292776398470729,0,2020-04-23,0.7080017713393272,2020,4,23,True,False,False,False,True,False,False
10259,57.0,1,2,Self-Employed,0.1984534899767258,1.4216782296572716,-0.5589720797296369,9,75,-1.0841453763015143,1,2022-09-20,1.290330473996034,2022,9,20,False,True,False,False,False,False,False
10260,52.0,0,2,Unemployed,-0.6268679705309964,-0.4784010911932873,-2.029128806302278,6,19,1.797868719995481,0,2017-12-10,0.36397252917430045,2017,12,10,True,False,False,False,True,False,False
10261,29.0,1,1,Unemployed,0.3052366539347933,-0.540053895201194,1.5209388336031848,1,75,-0.4119403249281778,0,2016-01-28,0.20489020500421523,2016,1,28,False,False,True,False,False,False,False
10262,61.0,1,1,Salaried,-0.0755803562513063,1.3309915742677227,0.33153447213989895,9,106,0.9225519961560956,0,2022-08-15,1.3883972113551775,2022,8,15,False,False,False,True,False,False,False
10263,55.0,0,2,Unemployed,-0.5317127045605589,-0.00615399936341151,0.24669156371249226,7,173,-0.1353441024420785,0,2015-04-28,0.7071355055987971,2015,4,28,False,False,False,False,False,False,True
10264,39.0,1,4,Self-Employed,-1.4056073914481446,-0.8275705658825061,-1.304150784786314,3,26,-0.8758011181152204,1,2015-05-11,0.14749143427386008,2015,5,11,False,True,False,False,False,False,False
10265,36.0,1,4,Self-Employed,1.3331602469175854,-0.8933075277603436,-0.3801095049022058,11,156,-1.725633094329764,0,2020-07-07,0.013508904736337172,2020,7,7,True,False,False,False,False,True,False
10266,23.0,1,3,Salaried,0.14621593272094213,-0.24641907515091,2.7233685010185824,2,117,0.07162173170350408,0,2015-01-28,0.3823516339967063,2015,1,28,True,False,False,False,True,False,False
10267,40.0,1,4,Self-Employed,2.043357433207798,1.2553375179044575,-1.281825518138387,9,176,1.4067712607232297,1,2017-06-05,0.6983448121686726,2017,6,5,False,True,False,True,False,False,False
10268,44.0,1,1,Self-Employed,0.8518802764242045,0.5970712447072644,0.6543451179087683,10,5,-0.45793693525558177,0,2016-01-09,0.6680176347038266,2016,1,9,False,False,False,False,False,True,False
10269,53.0,1,1,Self-Employed,0.47610552578362764,-0.004364503474337424,-0.01968193518428789,7,14,-1.7649099587212171,1,2024-07-14,0.45804943969793993,2024,7,14,False,False,True,True,False,False,False
10270,44.0,1,4,Salaried,-0.4768739691257313,-0.8058490005790592,0.8619357970940108,1,114,0.4316054650832785,1,2018-08-10,0.0914875805234832,2018,8,10,False,True,False,False,False,False,True
10271,31.0,1,1,Unemployed,-1.1145685684349622,-0.6880613008818804,-0.9332894141827667,10,188,3.134441399855919,0,2022-02-22,0.2698092779019022,2022,2,22,False,False,True,False,True,False,False
10272,28.0,1,2,Self-Employed,-0.26679532285836643,0.7809147825542367,0.3899502852430215,10,117,-0.8988827845774714,0,2015-10-01,1.1457101166428947,2015,10,1,False,False,False,False,True,False,False
10273,56.0,0,2,Self-Employed,-1.142531319334523,-0.7631099030968326,-1.3413796476548594,2,54,-1.4681139964167056,0,2017-08-27,0.18989959978943252,2017,8,27,True,False,False,False,False,False,True
10274,58.0,1,4,Salaried,0.5716143047786699,-0.660983437042067,2.3207768242813005,11,16,0.23025471726695315,0,2016-11-01,0.12838762830297587,2016,11,1,False,False,False,False,True,False,False
10275,60.0,1,2,Salaried,-0.0755803562513063,-0.8148688067257713,-0.9499778685604995,2,93,-0.8038162806275586,0,2023-05-26,0.06997846971932409,2023,5,26,False,True,False,False,False,False,False
10276,40.0,1,2,Self-Employed,-0.30850832095013564,-0.00370484164347275,-0.7520643176374947,9,192,0.10556903711448364,1,2021-05-28,0.6324261592721753,2021,5,28,True,False,False,True,False,False,False
10277,55.0,1,3,Salaried,0.8559078587287714,1.4361755909503555,0.43073653961470326,10,158,-0.5608497080222334,0,2018-08-08,1.0340901570821284,2018,8,8,False,True,False,False,False,True,False
10278,45.0,1,3,Self-Employed,-0.7222611638073243,-0.6716842962991576,-0.4610622915486859,0,116,-0.6016425611133978,0,2022-05-16,0.21975923179895576,2022,5,16,False,True,False,False,False,False,True
10279,55.0,0,2,Unemployed,-0.34864992214689744,-0.39939302177122415,0.3677600736689279,5,82,-1.0032857890437807,0,2024-08-03,0.36908030024490057,2024,8,3,False,False,False,False,False,False,False
10280,45.0,1,4,Salaried,-0.8437207417649984,-0.10323552021520752,-0.21618358550361366,1,173,-0.4518269418149158,0,2017-07-22,0.7616614013455375,2017,7,22,False,True,False,False,False,True,False
10281,49.0,1,3,Self-Employed,-2.117068382559046,5.254670182052009,0.04790442688040931,0,168,0.9592403250163926,0,2021-04-19,33.88465703428235,2021,4,19,False,False,False,False,False,True,False
10282,38.0,1,1,Unemployed,-0.09175891124745936,-0.8379152233054119,0.4339060506320615,1,125,-1.5309165909031461,1,2018-03-02,0.05621427212189876,2018,3,2,True,False,False,False,False,False,True
10283,38.0,1,1,Unemployed,0.06761622494972669,-0.36233542644138794,-0.37890552975131847,11,27,0.8917978662825399,0,2019-07-07,0.3276121177715552,2019,7,7,False,False,False,False,False,False,False
10284,22.0,0,1,Self-Employed,0.9731509670256135,-0.5297016494256132,-1.0393237089460496,5,175,1.0697346019402292,0,2016-08-11,0.168383560912865,2016,8,11,True,False,False,False,False,True,False
10285,55.0,1,4,Salaried,0.7119233455594571,0.7194007579856269,-0.5652589480907395,3,138,1.021769921476545,0,2018-09-24,0.754290649122287,2018,9,24,False,False,False,False,False,True,False
10286,36.0,1,2,Self-Employed,0.7249784564076746,-0.3985148469910494,1.2006621194946174,5,175,1.7680992897977534,0,2021-07-17,0.24164967259390616,2021,7,17,False,False,True,False,False,False,False
10287,61.0,1,1,Unemployed,-0.9973840822894625,-0.8322404957359815,0.0976678996683281,11,29,-0.9162737385453991,0,2016-04-29,0.09899221622320467,2016,4,29,False,False,True,False,True,False,False
10288,56.0,1,4,Self-Employed,0.3874053244198031,-0.10304608674768262,-0.8848062993417252,8,22,-0.9202394478618126,1,2020-07-19,0.42229023221101963,2020,7,19,False,True,False,False,False,True,False
10289,53.0,0,3,Self-Employed,1.4723135773457787,0.27998913197181224,0.38941088488691156,9,194,0.06687506867963183,0,2019-04-28,0.4438541557394587,2019,4,28,False,False,False,True,False,False,False
10290,24.0,1,2,Unemployed,0.31048349175837686,-0.9263982041286015,0.45765246687026767,11,145,-0.6128230784496213,1,2015-01-12,0.0012455601272146303,2015,1,12,False,False,False,False,False,False,False
10291,53.0,0,3,Self-Employed,1.7099485535018903,0.678465959395929,0.510486927472638,9,47,0.9161326057480964,0,2020-08-22,0.5558410439240467,2020,8,22,True,False,False,False,False,True,False
10292,34.0,1,4,Salaried,1.8938478577507287,-0.2532003748795977,-1.0207055366443252,7,82,-1.4134080729385108,0,2016-05-18,0.2235706692344079,2016,5,18,False,True,False,False,False,False,True
10293,41.0,0,1,Unemployed,-0.3158073999914485,-0.2697559265353385,-0.7186798670117746,0,32,1.942359272562956,1,2015-02-13,0.4521350796764146,2015,2,13,False,False,False,True,False,False,False
10294,40.0,1,1,Salaried,-0.7297096543047147,-0.4877057155998498,-0.7129942306432631,7,150,-0.15193149779721643,0,2024-04-03,0.37873535664192703,2024,4,3,False,True,False,False,False,True,False
10295,28.0,1,4,Unemployed,-0.7920381331024196,0.11477184257305292,-0.38977170080245405,8,63,0.7710691184967011,0,2015-08-19,0.9313645691178162,2015,8,19,False,False,True,True,False,False,False
10296,27.0,0,1,Self-Employed,-1.5210507869751806,-0.548121170681122,0.5298283797472766,5,192,-1.0070012482411292,0,2024-10-27,0.6297994715836439,2024,10,27,False,False,False,True,False,False,False
10297,23.0,2,2,Salaried,-0.5572435573839176,0.7438753029923496,0.2816884061176769,9,67,0.9096873078172739,1,2024-02-05,1.3000024930156435,2024,2,5,False,False,False,False,True,False,False
10298,37.0,0,4,Unemployed,1.1101336727407078,0.14713766322357424,0.3624805715520526,4,189,-0.6432797471851667,1,2019-10-05,0.43612914912950007,2019,10,5,False,True,False,True,False,False,False
10299,53.0,1,3,Salaried,-2.1855619713943506,-0.07266211191759693,1.3630802724049698,5,96,1.6381544039757552,0,2015-06-10,6.388834481513322,2015,6,10,False,False,False,False,True,False,False
10300,32.0,0,4,Salaried,-1.058644899668369,0.37660220543189854,0.6831399352377562,5,183,-0.753260388265295,0,2018-01-07,1.4010371802443589,2018,1,7,False,True,False,False,False,False,False
10301,45.0,1,2,Self-Employed,-0.17927641617214943,3.674663177578903,-0.166051798371749,8,60,0.013771978501293438,1,2024-09-15,2.9619325873353164,2024,9,15,False,False,False,False,True,False,False
10302,42.0,2,2,Salaried,-0.90382626361913,-0.8987328733544993,-1.2313421146397243,3,159,-1.2719979954556668,0,2016-11-21,0.02884161975569881,2016,11,21,True,False,False,False,False,False,True
10303,50.0,1,4,Unemployed,-0.5658245540066676,-0.5167699605610226,-0.7515519821951521,1,164,-1.365365633792902,1,2018-12-05,0.32172845473496775,2018,12,5,False,True,False,False,False,True,False
10304,58.0,0,4,Unemployed,-0.5513768389124418,1.262849373092713,-0.28862544061664064,10,115,-0.09442432363957307,0,2023-01-05,1.6978769046350766,2023,1,5,False,False,False,False,False,False,False
10305,58.0,0,1,Unemployed,-0.30525093382848845,-0.8185151365758989,0.8265018916667791,10,141,-0.9875985137749165,1,2024-09-10,0.07525525900818764,2024,9,10,False,False,True,False,False,False,False
10306,28.0,0,2,Unemployed,2.5977153781733646,0.16748361581616386,-0.04903291530073366,8,72,-1.3912163441614234,0,2017-07-29,0.3114381736499879,2017,7,29,False,False,False,False,False,False,True
10307,47.0,1,4,Self-Employed,-0.8400975076792232,2.08491141397268,-0.6919014750334398,1,50,1.1292828238847907,1,2017-09-18,2.773953409408715,2017,9,18,False,False,True,False,True,False,False
10308,47.0,1,4,Salaried,0.8460728222431603,-0.8847750951540908,-0.7703064144715515,9,71,1.3391830457523313,0,2023-09-12,0.019294064585938964,2023,9,12,False,False,True,False,False,True,False
10309,54.0,0,2,Self-Employed,0.9574952230589922,0.011859563639406328,-0.09221999700193997,8,158,0.27299483412931896,0,2016-07-02,0.39875780372386205,2016,7,2,True,False,False,False,True,False,False
10310,41.0,1,4,Salaried,-1.3900688329527295,-0.4106595791641039,0.888714902872067,1,140,0.5577705987600399,0,2022-10-11,0.7432212851430127,2022,10,11,False,True,False,True,False,False,False
10311,50.0,2,1,Salaried,-2.575911212644151,-0.21853465352719775,1.605358330408889,11,10,0.8585272261402332,0,2024-01-09,-4.9904466230907305,2024,1,9,False,False,False,False,True,False,False
10312,53.0,0,2,Salaried,0.9707493538141405,-0.8555678850803999,-0.23144328916398643,7,28,0.41844557280945066,0,2022-06-12,0.030907770316960743,2022,6,12,True,False,False,False,False,False,False
10313,48.0,1,1,Self-Employed,-1.2434855873207873,-0.892694512473538,-0.0668319031443899,8,180,-0.836718691368655,0,2015-04-27,0.04504013062914629,2015,4,27,False,False,False,False,False,True,False
10314,53.0,0,1,Salaried,0.14904312620848395,-0.0267901500161273,-1.2620679911098884,11,98,1.252049873958191,1,2017-06-01,0.5048540986634874,2017,6,1,False,False,True,False,True,False,False
10315,25.0,1,1,Self-Employed,-1.568902476485055,0.49356551470238214,1.9612852668112954,9,177,0.2533762125311989,0,2015-12-05,2.4930554940963416,2015,12,5,False,True,False,False,False,True,False
10316,39.0,0,1,Unemployed,1.1971599137600706,0.3212265052065753,-1.453294896348271,8,17,-1.4255123466958088,0,2019-01-28,0.4943531094306457,2019,1,28,False,False,False,False,False,True,False
10317,24.0,0,2,Unemployed,2.400708323600804,-0.28475616231157447,1.1766624314008105,9,29,0.44387977585991834,0,2023-08-30,0.19050709912611435,2023,8,30,False,False,False,True,False,False,False
10318,55.0,1,1,Salaried,0.12012316971902832,-0.8424320921820079,-0.3945641424615475,8,152,-0.09474726992014479,0,2020-06-16,0.04888288770558594,2020,6,16,False,False,True,True,False,False,False
10319,37.0,1,1,Self-Employed,-0.14737069370521255,0.027106309011728582,-0.6338064456359189,1,122,0.6253069544361554,0,2017-12-10,0.6062166897759738,2017,12,10,False,False,False,False,False,False,False
10320,64.0,0,4,Unemployed,-0.3676537314195401,-0.70153053780761,-1.1558151980223326,3,86,-0.5712354196226944,0,2021-10-14,0.15992911313552285,2021,10,14,False,False,False,False,False,False,True
10321,48.0,1,2,Self-Employed,0.6987481660994207,1.0569131159901335,2.4426271152640022,6,115,-0.8429773231145534,1,2016-09-29,0.9126500744227256,2016,9,29,False,False,True,False,False,True,False
10322,50.0,1,2,Self-Employed,0.4919160275981793,0.5661388157268623,0.20533183872722344,11,86,-1.4498122411295975,0,2020-08-30,0.7366538836032149,2020,8,30,True,False,False,False,False,False,True
10323,49.0,1,3,Self-Employed,-0.0755803562513063,0.08524695229235958,0.0006620331019221431,1,70,0.44729064728115214,0,2020-10-31,0.6230104828188209,2020,10,31,False,False,True,False,False,False,False
10324,26.0,1,2,Unemployed,-0.663033413139438,1.5107043166095606,0.8853872082065134,0,49,-0.5549081288239688,0,2020-11-01,2.013165020318503,2020,11,1,True,False,False,False,False,True,False
10325,55.0,1,2,Salaried,0.27208496278981786,-0.9025684365222133,-0.686418808900583,2,118,-0.3666256319287683,0,2022-08-03,0.013981623392968405,2022,8,3,False,True,False,False,False,True,False
10326,61.0,1,3,Salaried,-0.5804904421314792,0.1646914154154759,-0.019205246561081607,11,179,-0.055042463926782415,0,2019-05-03,0.8608620672076117,2019,5,3,True,False,False,False,False,False,True
10327,45.0,1,2,Unemployed,-1.0782181743241914,-0.5998504392530911,0.0364985619336856,3,67,0.3095094446489751,0,2016-04-10,0.35835029044915945,2016,4,10,True,False,False,False,True,False,False
10328,44.0,0,2,Unemployed,-0.09608857946382533,1.012003985513982,-0.5446433142334984,7,80,-0.04138703875850506,0,2021-09-04,1.2031422375954564,2021,9,4,False,True,False,True,False,False,False
10329,49.0,1,2,Self-Employed,-0.9476125314388171,-0.6742539195301471,1.2052612074556555,5,118,-0.9787086266121593,1,2024-01-07,0.25191409758469524,2024,1,7,True,False,False,False,True,False,False
10330,51.0,1,2,Unemployed,1.0773492223796295,0.13014302392911392,-0.24461606431133592,10,115,0.857646602558494,0,2015-07-11,0.43331653399124465,2015,7,11,False,False,True,False,False,False,True
10331,55.0,1,3,Self-Employed,-0.8890804873889219,0.795114987045063,-1.6088119656113786,1,187,-0.4007427692133391,0,2023-09-21,1.6390660926676817,2023,9,21,True,False,False,True,False,False,False
10332,53.0,1,2,Self-Employed,0.2947165720211487,-0.893851356907539,-0.3293038942591243,8,151,-1.5970023868205137,0,2023-03-02,0.01847597496024446,2023,3,2,False,True,False,False,True,False,False
10333,41.0,1,2,Self-Employed,-0.6393720609587696,-0.5128109324511245,0.23363546616139905,1,39,1.0035799920624953,0,2022-02-27,0.33858547079975615,2022,2,27,False,False,True,True,False,False,False
10334,52.0,1,3,Unemployed,0.21117405049798615,0.25020930951667436,-0.01968193518428789,11,57,-0.40928866070285563,0,2020-08-14,0.6440419385781855,2020,8,14,False,True,False,False,False,True,False
10335,43.0,0,4,Salaried,-0.5626470309666612,-0.4308298173413225,-0.853827789251572,4,30,-0.08035101132418329,1,2019-05-07,0.388157501344381,2019,5,7,False,True,False,False,True,False,False
10336,53.0,1,1,Self-Employed,-1.2709303955838536,-0.673607537051593,-0.5795163090756615,11,18,0.8390567600523063,0,2021-09-05,0.32652155012728845,2021,9,5,False,False,False,True,False,False,False
10337,23.0,0,4,Salaried,0.4108553270756252,-0.7250918222361953,1.2273397574376301,3,122,1.3460779242990664,1,2024-01-17,0.10328629608680273,2024,1,17,False,False,False,True,False,False,False
10338,38.0,0,3,Salaried,-0.2838786334811628,-0.8130589879900698,-0.5190991386779723,6,49,-0.044142951282110605,1,2016-07-31,0.0781722686360977,2016,7,31,False,True,False,True,False,False,False
10339,45.0,1,1,Unemployed,0.21979286152658695,0.6679043242299701,1.439850546904763,7,176,0.5498981556880262,0,2023-10-08,0.8693200216637179,2023,10,8,False,True,False,False,True,False,False
10340,62.0,0,3,Salaried,-0.47072888117327416,-0.2259493750848424,-0.6497374378713886,4,197,-1.1891977057459344,1,2018-07-13,0.521421281944984,2018,7,13,False,True,False,False,False,False,False
10341,51.0,2,3,Salaried,-1.3392507798906326,-0.863563825179104,0.3111597548089507,9,55,-0.8844495361182164,0,2018-03-14,0.08894238331900017,2018,3,14,False,False,False,False,True,False,False
10342,23.0,1,2,Unemployed,0.9898797188683484,-0.5330840607471381,-0.47727262254045744,4,175,-1.0849494484134963,0,2018-09-20,0.16612629556419328,2018,9,20,False,False,False,False,False,False,True
10343,60.0,1,1,Self-Employed,0.6552381482567896,-0.5525821413564067,0.7497839769295592,1,123,1.8539138092121603,1,2016-01-19,0.17538282676276645,2016,1,19,True,False,False,False,True,False,False
10344,44.0,0,2,Salaried,-0.6041505240341928,-0.7641816567765901,-1.1642699631218059,7,155,0.09563768021406076,0,2024-10-17,0.13130598056594614,2024,10,17,True,False,False,True,False,False,False
10345,52.0,0,1,Unemployed,0.010938729667759339,-0.45954325980527166,0.7383103393143395,1,188,-1.3077523968626872,0,2020-05-13,0.27783620530460834,2020,5,13,False,True,False,False,False,True,False
10346,45.0,1,3,Salaried,0.9501201291911738,-0.5975726500813412,0.09531291382664796,9,23,3.4033241494999844,0,2016-09-02,0.14071362550020014,2016,9,2,False,False,True,False,True,False,False
10347,43.0,0,3,Salaried,-0.4979655594679532,-0.5855626863262656,-0.6753364775381705,11,86,0.4992208737494417,0,2016-01-07,0.2583182653232483,2016,1,7,False,False,True,False,True,False,False
10348,45.0,0,4,Self-Employed,-0.34808739007044354,0.17352970977306334,-0.19101547815696593,5,80,0.005362595876435613,1,2019-04-23,0.7683104009117971,2019,4,23,False,False,False,True,False,False,False
10349,47.0,0,1,Salaried,0.17888052145475727,-0.7214467673275721,1.5469209391512186,7,187,-0.08693682800402582,0,2018-03-21,0.11468491035594587,2018,3,21,False,False,False,False,False,True,False
10350,62.0,0,2,Unemployed,-0.49994848871594316,-0.08618370688013517,0.11982193395772411,5,96,-0.8519989444209288,0,2015-01-03,0.634855869891448,2015,1,3,False,False,False,False,False,True,False
10351,22.0,0,4,Salaried,0.7714806912906638,-0.23499261073481764,-0.7394697856116225,3,192,-0.5267300035478945,0,2017-11-20,0.3114982198696599,2017,11,20,False,True,False,False,False,False,True
10352,46.0,1,4,Self-Employed,-0.21962548127427217,-0.23986521289542265,-1.252613609257847,3,191,-0.3755444034607168,0,2017-06-15,0.4515499025007687,2017,6,15,False,False,True,False,True,False,False
10353,45.0,1,4,Self-Employed,-0.8138442738400689,-0.03624167101128953,0.4955671049560562,5,37,0.607762997390763,0,2016-12-11,0.8077116049864768,2016,12,11,True,False,False,False,False,True,False
10354,60.0,1,2,Unemployed,0.5314756220850375,-0.27648310316831115,0.17911432837725275,3,151,1.249261410108662,0,2015-08-20,0.3170544745242933,2015,8,20,False,True,False,False,False,True,False
10355,53.0,0,4,Self-Employed,-1.1597628311266268,0.8059712448635481,-0.01968193518428789,7,32,1.8544398923580656,0,2017-07-26,2.0168155098465523,2017,7,26,True,False,False,False,False,False,False
10356,29.0,1,2,Self-Employed,1.8898992958105179,-0.005041769824307597,-1.5158801840455083,8,127,0.7806551118916469,0,2020-06-24,0.30597895028032024,2020,6,24,True,False,False,False,False,False,False
10357,63.0,1,4,Self-Employed,1.4722192941801844,-0.2790569176827834,-1.2194585137517195,0,184,-1.1963168871023304,1,2019-08-12,0.238578608501863,2019,8,12,False,True,False,False,False,True,False
10358,59.0,0,2,Unemployed,0.439567407449372,0.5240980435674624,1.151327409312623,3,130,0.9930564154539244,0,2022-08-08,0.7292536744729506,2022,8,8,True,False,False,False,False,False,True
10359,49.0,1,3,Self-Employed,0.35826477763822917,-0.16418235690612273,0.3176281763469245,3,181,-1.5827476870484418,1,2015-05-25,0.39519296565366097,2015,5,25,False,False,True,False,False,True,False
10360,62.0,0,3,Self-Employed,0.31296955043724245,-0.6464066655412405,0.5241871548510403,1,41,-0.9655203163202378,1,2019-11-22,0.14840343738110987,2019,11,22,True,False,False,True,False,False,False
10361,46.0,0,3,Self-Employed,-0.5289320011667998,-0.7383522234339076,-1.0052179804647878,5,158,-0.059488528495156526,1,2016-04-22,0.14572261848706558,2016,4,22,False,False,True,False,True,False,False
10362,55.0,1,3,Unemployed,0.23073249505532167,-0.7931581994845354,-1.02392568374014,2,103,-0.5052174804309342,1,2021-09-10,0.07352270787767125,2021,9,10,False,False,True,False,False,False,True
10363,45.0,1,3,Self-Employed,-0.9482113338747536,0.9561976190847334,0.9922412638348078,6,102,-0.49726349023289407,0,2021-07-01,1.86650638023109,2021,7,1,False,False,True,True,False,False,False
10364,44.0,1,4,Self-Employed,-0.0755803562513063,0.08737431296445065,1.0404095807712554,10,131,0.4332056827794099,0,2023-09-27,0.6243175353209997,2023,9,27,False,False,False,False,False,False,True
10365,33.0,1,4,Salaried,0.7818699392912102,1.3447301065015915,-1.1336482176571374,10,172,1.5591393474139976,0,2016-05-02,1.0174205843343223,2016,5,2,True,False,False,True,False,False,False
10366,27.0,1,4,Unemployed,-0.0755803562513063,-0.17010859157809227,-1.3289538526101978,4,84,-1.0631646055699873,0,2020-10-02,0.46611978396377696,2020,10,2,False,True,False,False,True,False,False
10367,56.0,1,2,Self-Employed,-0.6313344766254575,-0.4025243828922165,-0.13210360123458795,3,42,-0.4717134997623069,0,2015-07-07,0.42638351821557224,2015,7,7,False,True,False,False,True,False,False
10368,40.0,1,2,Unemployed,-1.2277172341571803,-0.8782405070946376,-0.838241919841124,4,81,0.10980948580254203,0,2021-10-02,0.06222078359009028,2021,10,2,True,False,False,False,False,False,False
10369,21.0,1,2,Self-Employed,1.3519129085727841,-0.014941834099180897,-0.859534185846941,7,130,0.049434434488254964,1,2019-05-20,0.3463964486089962,2019,5,20,False,False,False,True,False,False,False
10370,28.0,1,2,Self-Employed,-0.5545978208489178,-0.21259820657690104,-1.3003382274875648,2,91,0.14290941953704156,0,2017-10-19,0.5558075070492979,2017,10,19,False,False,False,False,False,False,False
10371,36.0,1,3,Self-Employed,-0.24844915339594933,2.8674001709671737,-0.49995798477405806,6,58,-1.2292345283129897,1,2021-11-21,2.521980386683703,2021,11,21,False,False,True,True,False,False,False
10372,34.0,1,3,Salaried,0.23348166452721986,-0.7044802456227954,-1.201501622466063,5,154,-1.7454429329528074,0,2022-01-19,0.12147326087957781,2022,1,19,True,False,False,False,False,False,False
10373,32.0,1,3,Salaried,-0.0755803562513063,-0.3079321032757566,-1.1408873338119858,11,20,0.8101664503993035,0,2022-06-14,0.38144088198594145,2022,6,14,True,False,False,False,True,False,False
10374,43.0,0,1,Salaried,0.6647071816968166,-0.06507062221198019,0.283944597852351,0,32,0.2680302739944785,0,2016-11-26,0.40141402037770146,2016,11,26,False,True,False,False,False,False,True
10375,35.0,0,4,Unemployed,-0.4228994454697706,-0.07990200046211691,-0.07751978634216079,6,167,-0.626764665607014,1,2015-03-08,0.6143426629562462,2015,3,8,True,False,False,False,False,False,False
10376,48.0,1,2,Unemployed,-1.1564178619585748,-0.2526817146333098,0.4745844167029277,6,192,0.9356164484188729,0,2019-10-12,0.7838615483844038,2019,10,12,False,False,False,True,False,False,False
10377,54.0,0,2,Salaried,-1.325464835704274,0.3022962034797389,-0.01968193518428789,11,177,0.8906474289411094,1,2019-10-02,1.6572359310971116,2019,10,2,True,False,False,True,False,False,False
10378,22.0,1,3,Unemployed,-0.6160267424213807,-0.7405367579360508,-0.010991663561966885,0,50,-1.2159603469803735,1,2021-07-30,0.15118397675252115,2021,7,30,False,True,False,False,True,False,False
10379,52.0,0,2,Self-Employed,-0.9759527109273128,0.13244472441703942,2.100768812409629,8,76,-0.22743517537640562,1,2022-12-20,1.0716579953587284,2022,12,20,False,False,True,True,False,False,False
10380,43.0,1,2,Self-Employed,-0.34976069057145504,-0.1353728444414369,-0.4016551473874611,5,187,1.1898368341734809,0,2016-08-23,0.5534593466658327,2016,8,23,False,True,False,False,False,True,False
10381,42.0,2,4,Self-Employed,1.2066497019018871,0.9290655129118977,0.8220235118552303,11,89,0.31446359321926315,1,2023-11-24,0.732797435241627,2023,11,24,False,True,False,False,False,False,True
10382,45.0,0,3,Salaried,-0.4209174954894372,0.6127393005277105,0.813086669856408,1,30,-0.877931913834893,1,2023-04-20,1.1144917791168953,2023,4,20,False,False,True,False,False,False,False
10383,42.0,0,4,Unemployed,-0.4212774796197046,-0.6181399151911886,0.8633739090047743,4,89,1.9923980708165672,0,2020-06-15,0.22462063282278086,2020,6,15,False,True,False,False,False,False,True
10384,42.0,0,1,Self-Employed,-0.07230896902485522,-0.6634838531353104,0.14928086273908348,10,157,0.09562387205329213,0,2016-09-13,0.16275796506904813,2016,9,13,False,True,False,False,True,False,False
10385,62.0,1,1,Unemployed,-0.44830041136669485,2.3521064593852143,0.5576001705777384,3,69,-0.3867999194823434,0,2021-03-20,2.405750276438845,2021,3,20,True,False,False,False,False,False,False
10386,26.0,1,1,Self-Employed,-0.12156754320383584,-0.31398128965279737,0.6934880507801192,6,138,1.775015956553174,0,2024-05-11,0.38543318298158963,2024,5,11,True,False,False,False,False,False,False
10387,35.0,0,3,Salaried,0.46601036961389014,1.015111663687371,0.628504835378248,7,155,1.3086343491153034,0,2017-04-16,0.9666321273669294,2017,4,16,False,False,True,False,False,True,False
10388,63.0,1,2,Unemployed,0.7981992642631761,-0.7818974962820368,-1.1633949197295987,10,119,0.4095059113240512,1,2019-10-24,0.06538736981426904,2019,10,24,True,False,False,False,True,False,False
10389,57.0,0,3,Unemployed,-0.0755803562513063,-0.0839836137285024,-1.7664995319245818,10,68,-0.5888669532302674,0,2020-10-30,0.5190350555842451,2020,10,30,True,False,False,True,False,False,False
10390,53.0,1,3,Self-Employed,1.9304457343840378,0.4333691262942001,-1.609273510152009,0,91,0.4688135053012089,0,2017-09-13,0.44695104236462396,2017,9,13,False,True,False,False,False,True,False
10391,28.0,1,2,Salaried,0.49353184655104454,1.487757308495434,-0.29726865296106403,4,175,-1.0872921877240456,1,2019-06-05,1.1901350057438358,2019,6,5,False,False,False,False,False,True,False
10392,64.0,1,4,Salaried,2.1020326143981873,-0.5911085749909902,0.5860609241618319,2,111,0.3838191963055907,0,2020-11-02,0.10654750078535415,2020,11,2,True,False,False,False,False,False,True
10393,64.0,1,1,Salaried,-0.8065470661673917,0.13051491559183767,-1.1500983655892056,0,155,-0.8646759231829224,1,2020-02-15,0.9541616844687972,2020,2,15,False,False,False,False,False,False,True
10394,25.0,1,4,Self-Employed,1.9637076092428922,-0.2936878748230032,0.9234545841405485,11,100,0.14157949294058228,0,2024-03-31,0.20678760258691403,2024,3,31,True,False,False,False,False,False,True
10395,59.0,1,1,Salaried,-0.42391000837581283,-0.8774438560608296,-0.534552943194901,2,162,1.0908113608417083,0,2020-05-18,0.03716218441139901,2020,5,18,True,False,False,False,False,True,False
10396,24.0,1,3,Self-Employed,-0.32889730036184056,0.032265683488581824,-0.5248209742763401,5,81,1.6167811404421875,0,2016-06-11,0.6635652137540976,2016,6,11,False,False,True,True,False,False,False
10397,26.0,1,1,Self-Employed,-0.17226434451268557,0.03252200686888229,-0.8758190597254526,6,150,0.4113348597318301,0,2021-11-02,0.616541592121013,2021,11,2,False,False,True,False,False,False,False
10398,52.0,1,3,Self-Employed,-0.26765479635011874,1.2604751444814135,-1.9478520740524294,7,91,0.490569936224791,0,2018-12-14,1.4676767946602116,2018,12,14,False,False,True,False,False,False,True
10399,50.0,0,4,Unemployed,0.02645378804629077,-0.36439208323142264,0.21332854780440294,10,153,0.9873307614247665,1,2023-11-14,0.3320180015436741,2023,11,14,False,False,False,True,False,False,False
10400,55.0,1,3,Salaried,-0.6167732357521993,-0.7140315435358491,1.7297157966626722,3,61,0.48977167493376755,0,2023-10-30,0.17254596575266548,2023,10,30,False,True,False,False,True,False,False
10401,60.0,1,4,Salaried,0.7452733567572706,-0.8913584993614142,-0.08515234672879275,2,107,1.1429929193656514,1,2018-12-13,0.016936661529033257,2018,12,13,True,False,False,False,False,False,True
10402,36.0,1,2,Self-Employed,-0.5905049043369709,-0.48792383921355825,-1.9129367454489838,4,155,1.1179450236911241,0,2015-03-14,0.34901601090064227,2015,3,14,True,False,False,False,False,False,False
10403,33.0,0,2,Self-Employed,0.5768500266477509,-0.6338408411278403,0.7766284094943675,8,95,-0.8643698517947536,0,2016-02-20,0.1411502628801021,2016,2,20,True,False,False,False,True,False,False
10404,62.0,1,2,Self-Employed,1.4193089755853432,3.7703210546009704,-1.6820738728085314,5,49,-0.8447523763117714,0,2016-01-10,1.7496073536098966,2016,1,10,False,False,False,False,True,False,False
10405,50.0,0,3,Self-Employed,-0.401427693890383,-0.5698748823730431,-1.2570513982172031,8,176,-1.262398358001131,0,2017-10-02,0.2569117617962044,2017,10,2,False,False,True,False,False,False,False
10406,39.0,2,2,Salaried,-0.0755803562513063,1.514325392140803,-0.01968193518428789,5,92,-0.37118490112002295,1,2020-05-23,1.5010376904843998,2020,5,23,False,True,False,False,False,False,True
10407,37.0,1,1,Unemployed,0.483678522965913,1.76134777302205,0.10448680013844466,1,119,1.636457235689187,1,2018-10-08,1.3294448337666844,2018,10,8,False,False,False,False,False,True,False
10408,39.0,1,4,Self-Employed,2.1198146727799823,-0.13283553936458686,-0.01968193518428789,4,51,0.5083363785400726,1,2020-07-26,0.2501615725737523,2020,7,26,False,False,True,False,False,False,False
10409,48.0,1,4,Salaried,-0.5441327198939286,1.2377747384214344,-0.30458407970333623,11,172,0.9064031240173577,0,2024-03-11,1.6718096482221485,2024,3,11,False,False,False,False,False,False,False
10410,46.0,1,1,Self-Employed,0.7115691763338602,0.24520268919957,0.7099964581267258,10,183,-1.0448759241199719,0,2016-02-06,0.5373334862275807,2016,2,6,False,True,False,False,False,False,False
10411,57.0,1,3,Salaried,-1.6271899941680943,-0.27924456115250473,0.8500642420167425,8,174,0.9009856799239864,0,2024-05-07,1.2272320955898204,2024,5,7,False,False,True,False,True,False,False
10412,46.0,0,3,Salaried,-0.5354656439509303,-0.7656156893523224,1.2582335229202615,7,139,-0.5402313926408013,1,2021-01-23,0.12530152676319903,2021,1,23,False,False,False,True,False,False,False
10413,43.0,1,4,Self-Employed,0.2849087026420189,-0.4252725917655052,1.9308482973201089,6,54,0.9911394368533851,0,2017-06-23,0.2674197862233857,2017,6,23,False,True,False,False,False,True,False
10414,29.0,1,2,Unemployed,1.289320863096209,1.772436834903728,0.8068329079707077,0,180,-0.861230524876473,0,2023-01-31,1.0414155412912594,2023,1,31,True,False,False,False,False,False,True
10415,32.0,1,3,Salaried,-1.2407160215390987,0.7081127403814695,-0.2426554564528997,3,88,-1.0607567198229313,0,2018-03-17,2.0388804645840053,2018,3,17,False,True,False,False,False,False,True
10416,21.0,0,3,Salaried,0.702893578405356,-0.3900696437786484,0.8573580397137639,11,95,1.2732769304088016,0,2022-01-09,0.24725998858118792,2022,1,9,True,False,False,True,False,False,False
10417,21.0,1,1,Salaried,-0.11754148004106972,0.9417934575123958,0.4560174990593565,6,138,0.8826776348211625,0,2016-02-28,1.1706372510897778,2016,2,28,False,False,False,False,False,False,False
10418,45.0,1,1,Unemployed,-1.5262592829534394,-0.008149768826010487,0.4965512480692154,10,95,-1.3037801548309513,0,2023-07-09,1.532563609722577,2023,7,9,False,False,True,False,False,True,False
10419,52.0,0,2,Unemployed,0.11894459200265152,-0.8078641721671211,0.16007306291457923,6,141,-0.46444510525713034,1,2022-09-18,0.0684878771110782,2022,9,18,False,False,True,False,False,False,True
10420,45.0,0,3,Self-Employed,1.5945772061321002,3.4157982691530986,-0.9534574763193759,5,113,-1.424906881252912,1,2018-12-29,1.5461836193485903,2018,12,29,False,False,False,False,False,False,True
10421,60.0,1,3,Unemployed,2.5977153781733646,-0.31403773567888543,-1.0720839956423567,7,61,0.4207646565579367,0,2023-07-17,0.1746407275146416,2023,7,17,False,False,True,False,False,False,False
10422,21.0,0,1,Self-Employed,-0.1626673243496566,-0.5206598293467717,-0.12037329327259125,10,35,-0.4371249201145685,0,2023-02-15,0.2606116151824265,2023,2,15,False,False,True,True,False,False,False
10423,36.0,0,3,Self-Employed,-1.0095583149077936,-0.04566805572941905,0.1311339305645867,5,25,-0.3212138566734622,0,2020-06-11,0.9137423198839154,2020,6,11,True,False,False,False,False,True,False
10424,59.0,1,4,Unemployed,-0.5091176071780127,-0.8341619652123784,-0.7156640988013232,9,94,1.119111174131234,1,2021-01-18,0.07163100493769989,2021,1,18,False,False,False,True,False,False,False
10425,25.0,1,1,Self-Employed,1.3270045832264543,-0.09828613314534444,0.4116772864524048,2,44,-1.4263496420314519,1,2019-09-18,0.31692193243937167,2019,9,18,False,True,False,True,False,False,False
10426,42.0,1,2,Unemployed,-0.3187596857239777,-0.36288312651821214,2.106011380758837,3,116,-1.3998558008875728,1,2018-12-15,0.3887996168567034,2018,12,15,True,False,False,False,False,True,False
10427,49.0,1,1,Self-Employed,1.2974408120432948,-0.5004213687018376,-1.8042685459116683,2,49,0.5413684144217249,1,2022-08-25,0.16477781146318266,2022,8,25,False,False,False,False,False,True,False
10428,23.0,0,3,Unemployed,1.0148753325295543,1.5805508659763012,0.5741185083245336,0,81,-1.604631313610659,0,2015-04-16,1.045763459480736,2015,4,16,True,False,False,False,False,False,True
10429,32.0,0,2,Unemployed,-0.40687161342602896,-0.32214294917573205,-0.0885361585719692,9,181,-1.1173972370410685,1,2021-05-04,0.43545166062791496,2021,5,4,False,True,False,False,False,False,True
10430,46.0,1,1,Self-Employed,-0.5419774793975387,-0.7258149662922314,0.43959915578634373,4,91,0.2561000424011813,0,2018-08-27,0.15642278402165458,2018,8,27,False,True,False,False,False,True,False
10431,36.0,1,4,Salaried,2.5977153781733646,-0.42471838738701573,-0.4613988472942729,0,152,-1.445030167500625,0,2015-03-24,0.14319699102557826,2015,3,24,False,False,False,False,True,False,False
10432,57.0,1,4,Self-Employed,-0.9556964442370283,1.137500207398487,-0.1704048880947059,0,105,0.18142843619771895,0,2016-08-01,2.056825107063167,2016,8,1,False,True,False,False,False,False,True
10433,42.0,1,1,Unemployed,0.2847295651331598,-0.7698218430216045,0.11129206149214464,1,121,0.8752848575781709,0,2019-08-24,0.08442543897144034,2019,8,24,True,False,False,False,True,False,False
10434,49.0,0,4,Salaried,-0.0755803562513063,-0.7312198111272266,-0.01968193518428789,3,96,0.3653303518583343,0,2023-02-12,0.12137249539450656,2023,2,12,False,True,False,False,False,True,False
10435,34.0,1,4,Self-Employed,2.5977153781733646,-0.9180039949145642,-1.5754954475409118,5,149,-0.5280215311650276,0,2018-03-10,0.0030573874221746494,2018,3,10,True,False,False,False,False,False,True
10436,48.0,1,4,Self-Employed,-1.5525684768854922,-0.9170386049327067,-0.2602165310711477,7,32,-0.7648509679258733,0,2022-12-26,0.020147182769759363,2022,12,26,True,False,False,True,False,False,False
10437,25.0,1,2,Self-Employed,0.04610059802289535,0.5223093450505649,-1.4690693236342875,2,173,0.828361882176942,1,2023-10-20,0.8467318873842908,2023,10,20,False,True,False,False,False,True,False
10438,50.0,1,4,Salaried,-0.510053897233528,0.15210413998765482,0.6466471377500337,0,198,-0.21034965512846854,0,2015-02-07,0.8188105643158611,2015,2,7,False,False,False,False,False,False,False
10439,25.0,1,4,Unemployed,-0.24512482809655203,-0.5688916317873702,-1.9281823213406168,2,29,-0.46070791732135014,0,2022-07-15,0.23870902665492183,2022,7,15,False,False,True,False,True,False,False
10440,32.0,0,4,Self-Employed,0.23783468342493996,0.054566173882337386,1.0304697721840643,11,62,0.3273230513113203,0,2020-06-23,0.5316860401477567,2020,6,23,False,True,False,False,False,True,False
10441,36.0,1,2,Self-Employed,-0.0755803562513063,-0.5161303953073347,0.41803687826664676,2,45,-0.437191390026244,0,2024-09-06,0.2535236453277381,2024,9,6,True,False,False,False,False,True,False
10442,46.0,0,1,Self-Employed,-1.5376068043253808,1.5784013983071323,0.42194768865625976,4,138,-1.4820570610599486,0,2024-01-10,4.230286918313619,2024,1,10,True,False,False,False,False,False,True
10443,46.0,1,3,Self-Employed,2.161889835746434,1.8716970348570072,-2.2336004546171586,10,79,1.7506790706245958,0,2016-08-05,0.8720247244564554,2016,8,5,False,True,False,False,False,False,True
10444,41.0,1,4,Self-Employed,-0.5458521387806965,-0.519396615450999,-0.35700952070496156,11,42,1.5979284087160517,0,2015-04-21,0.3161864819099213,2015,4,21,False,False,False,False,False,False,True
10445,59.0,1,1,Unemployed,-2.488301179976308,0.6513721035894263,3.202699657947457,11,138,2.276814719668372,1,2017-07-22,-19.677617441415507,2017,7,22,False,False,False,False,False,False,False
10446,56.0,0,4,Unemployed,-1.457105982065697,0.28829477815252,-0.5512494724487998,3,177,-0.5669632298691382,1,2021-01-15,1.8733947829152628,2021,1,15,True,False,False,False,False,False,True
10447,53.0,0,2,Self-Employed,2.343520779311615,-0.6242839226208226,-1.1231624539817338,3,79,2.4639542010492446,0,2018-12-08,0.09116169170486223,2018,12,8,True,False,False,False,False,True,False
10448,50.0,1,1,Salaried,-0.7355613903486626,-0.712122318035231,-0.6719407824106729,8,146,0.7495520561199344,0,2020-03-21,0.18669441079533047,2020,3,21,False,False,False,False,False,False,True
10449,57.0,1,2,Unemployed,1.0631377100015336,-0.4258230252084698,-0.09089044720704842,6,70,-1.125468871169524,0,2019-12-27,0.20666018999559646,2019,12,27,False,False,True,True,False,False,False
10450,43.0,0,4,Salaried,-0.0755803562513063,0.318721430807158,-0.8914224249105308,3,172,1.2360182010216405,1,2015-04-02,0.7664574334657469,2015,4,2,False,True,False,False,False,False,True
10451,30.0,1,4,Unemployed,-0.5249446076604034,1.7159815074176703,1.2402015158112576,2,7,2.5710581069567375,0,2015-10-17,2.019649371027438,2015,10,17,True,False,False,False,False,False,False
10452,45.0,1,2,Self-Employed,0.6926103737798444,0.2546055324635383,-0.08719995930341276,5,121,1.8057072053050336,1,2018-04-29,0.5449848732623783,2018,4,29,True,False,False,True,False,False,False
10453,56.0,0,3,Unemployed,-2.359749721152921,0.6569357991390582,-0.5890339556066493,2,103,0.611803378344416,1,2022-06-04,148.23831250331835,2022,6,4,False,False,False,False,False,True,False
10454,54.0,1,2,Self-Employed,-1.4485979039026793,-0.17057902489542873,-1.3514162138107308,5,156,-0.42993271606567046,1,2023-02-07,1.1563405044255877,2023,2,7,False,True,False,False,False,True,False
10455,51.0,1,4,Unemployed,-0.5320775066498583,0.5517676448859924,0.47414271829213317,10,23,1.4736989223767576,1,2023-07-19,1.1349789683543798,2023,7,19,False,False,False,False,True,False,False
10456,30.0,1,2,Self-Employed,-1.3537097147366015,0.3303320129198465,0.4508550997277545,10,150,-1.4723789762458273,0,2016-01-11,1.74186007710377,2016,1,11,False,True,False,True,False,False,False
10457,45.0,1,3,Self-Employed,-0.6174975269602287,-0.5404861715628125,-0.8309433779173651,11,196,-0.804898760225255,0,2015-06-10,0.3121238627977702,2015,6,10,False,True,False,False,True,False,False
10458,52.0,1,2,Self-Employed,0.7682166337178468,-0.26990074863520414,-2.3072234516913657,8,120,-1.1018299080427914,1,2023-10-09,0.2961319778884108,2023,10,9,False,True,False,True,False,False,False
10459,21.0,0,3,Self-Employed,0.07117590900363423,0.411619923951723,0.39881738144294104,5,129,-0.335990428570349,0,2022-06-11,0.7741243036350463,2022,6,11,True,False,False,True,False,False,False
10460,25.0,1,3,Salaried,1.228904563007717,-0.8900753273038914,-0.01968193518428789,11,92,0.6702142542258139,0,2019-08-10,0.015166739009950855,2019,8,10,False,False,True,False,False,False,False
10461,24.0,1,2,Self-Employed,0.13226418519436564,0.4257192408689959,0.322463021952788,3,39,-0.17133907833089104,0,2021-07-26,0.7632065841677587,2021,7,26,False,False,False,False,True,False,False
10462,36.0,1,2,Salaried,0.9022466093579439,-0.7680345104021246,1.9796676821873946,4,194,-1.052614586053677,0,2016-03-24,0.0692873288575869,2016,3,24,False,False,True,False,False,False,False
10463,44.0,1,1,Salaried,-0.0755803562513063,-0.3355346046980363,-0.04852168809953815,5,5,-1.3732790488664695,1,2016-09-07,0.3644818777965285,2016,9,7,False,False,False,True,False,False,False
10464,36.0,2,4,Self-Employed,-0.6266722738054802,0.4265583484395657,-0.5463738985584032,10,157,-0.028908366096099015,0,2023-11-21,1.0952134445552912,2023,11,21,False,True,False,False,False,True,False
10465,22.0,1,3,Salaried,1.373756831781308,-0.6885126338930974,-1.1939646588635993,2,177,0.3163373177646895,0,2015-03-03,0.09054031112933521,2015,3,3,True,False,False,True,False,False,False
10466,48.0,1,1,Unemployed,-0.741698204225503,-0.6972781663066989,-0.3404716046791356,7,181,-0.6340841942470639,1,2023-02-25,0.20023607920496886,2023,2,25,False,False,True,False,False,False,False
10467,52.0,0,2,Self-Employed,0.2756853471867337,-0.5058106790393918,0.14306102964512588,3,130,0.7622202394313079,1,2023-05-02,0.22542540160635427,2023,5,2,True,False,False,False,True,False,False
10468,47.0,1,4,Self-Employed,0.6862849200887778,0.9178335354481145,0.033402244135468565,7,93,-1.2707990374627816,0,2016-08-23,0.8521823902187647,2016,8,23,False,False,False,False,True,False,False
10469,40.0,1,1,Self-Employed,0.7564118180563049,-0.9273122257803378,1.7407538825374256,9,148,2.4132723382147274,0,2017-09-27,0.0006558156270320036,2017,9,27,True,False,False,False,False,False,False
10470,44.0,1,3,Self-Employed,-1.1822821784455648,0.972084252937794,0.489107682005109,9,151,2.01838258035265,0,2023-08-16,2.2516695264311624,2023,8,16,True,False,False,False,True,False,False
10471,32.0,1,1,Self-Employed,0.9597133728968724,-0.7917250126349893,-0.15889514102818034,2,155,-0.1958290783733875,0,2020-09-27,0.058056862640327785,2020,9,27,False,False,True,False,False,False,True
10472,55.0,1,3,Salaried,-1.002135844831722,2.8571960287399922,-0.743387698107135,9,29,0.5535927112406527,0,2020-03-12,3.8961576407240526,2020,3,12,False,True,False,False,False,True,False
10473,53.0,1,2,Self-Employed,0.7266696821403379,1.6130983071794318,0.25151914435070033,6,20,0.14588173951839892,0,2020-03-13,1.1577643038362428,2020,3,13,True,False,False,False,False,True,False
10474,53.0,0,4,Unemployed,0.4605082895536561,-0.3686857735797745,-0.9482991614889644,10,186,0.10581256364702003,0,2021-10-13,0.27905152765993574,2021,10,13,False,True,False,False,False,True,False
10475,63.0,1,4,Salaried,2.5977153781733646,-0.338847542278071,0.16274353208692596,11,77,-0.5971297651819021,0,2018-02-21,0.1675924041716728,2018,2,21,False,False,False,False,True,False,False
10476,57.0,1,4,Self-Employed,-1.2204978504910342,-0.3897279034917061,0.47717612093064965,8,133,-1.107442170080152,0,2019-04-06,0.6596609383380192,2019,4,6,True,False,False,False,True,False,False
10477,32.0,1,2,Salaried,0.5114707014399141,-0.10075453658336853,-0.24236483376424575,3,46,0.11166322209260517,0,2015-08-10,0.4052601844578852,2015,8,10,False,False,True,True,False,False,False
10478,23.0,1,3,Salaried,-0.0755803562513063,-0.8507267584816319,-0.6654149702312845,7,151,-0.9579308589528578,0,2024-01-11,0.047947308675326976,2024,1,11,False,False,False,True,False,False,False
10479,21.0,0,2,Salaried,0.13035199254405713,-0.9015544689620625,-2.2550548053672714,2,166,0.11601027064799257,1,2018-04-05,0.015344409282571385,2018,4,5,False,False,False,False,False,True,False
10480,53.0,1,4,Self-Employed,-0.8472492350252819,-0.8799958197763177,1.1482171818825586,6,84,0.3373296168728097,0,2016-09-29,0.04510078542482516,2016,9,29,False,False,True,False,False,False,True
10481,60.0,1,2,Self-Employed,0.8320058435790193,-0.4465652793809925,0.39118941095941434,2,108,0.23912408456729914,0,2024-07-30,0.21241770349086306,2024,7,30,True,False,False,True,False,False,False
10482,45.0,0,2,Self-Employed,0.053578247547166495,-0.6642650717466944,0.416047829307397,11,187,-0.7791015910116413,0,2023-09-27,0.153866345368777,2023,9,27,True,False,False,True,False,False,False
10483,63.0,1,2,Salaried,-1.6739763038177289,-0.13038382531208823,-1.6172153102739573,6,150,1.0673270987601793,1,2023-05-01,1.6091925722978844,2023,5,1,False,False,False,False,True,False,False
10484,64.0,1,3,Unemployed,-0.9221843276208889,3.079849601902156,1.3894748205265106,10,38,0.5823378917164344,0,2018-06-05,3.8982466258253243,2018,6,5,True,False,False,False,False,False,True
10485,49.0,1,1,Salaried,-0.5648668517901072,-0.5280945862129106,-0.4966693622744777,9,93,-0.5428008345314139,0,2019-10-10,0.3127194778820515,2019,10,10,False,True,False,False,False,True,False
10486,33.0,1,1,Salaried,1.3981484858403044,-0.22887004940498581,-0.3163189638512374,9,129,-0.6953371079641281,0,2018-05-30,0.2620531616267895,2018,5,30,False,False,True,True,False,False,False
10487,32.0,0,2,Unemployed,1.228485369282808,-0.48797760603000817,-1.1141917372943886,10,49,1.6362244283451892,1,2015-06-03,0.17280961921936708,2015,6,3,False,True,False,False,False,False,True
10488,51.0,1,1,Self-Employed,1.2253801178420818,0.6131541231939458,-1.847832576483722,10,138,-0.11154385909136601,0,2016-05-07,0.6050261577086272,2016,5,7,True,False,False,False,False,False,True
10489,22.0,1,1,Self-Employed,0.16799158600551117,0.9792152916456468,1.1620276200049915,5,25,-0.1119078747745659,0,2018-07-13,1.059977852341649,2018,7,13,False,False,False,False,False,True,False
10490,55.0,1,2,Salaried,0.8260622340899891,0.7931629743644707,1.294157044721449,1,126,-1.64400979909705,0,2020-10-18,0.7599479353677645,2020,10,18,False,False,True,False,False,False,True
10491,43.0,0,2,Unemployed,-1.1584575363203864,2.0778507110874544,1.8542324596751742,10,74,0.9546820257427724,0,2018-05-08,3.4917590583366485,2018,5,8,True,False,False,False,False,False,True
10492,37.0,1,4,Self-Employed,-0.04989602257127079,-0.905868050562892,-0.715606490715408,2,100,1.9774809174751122,1,2022-02-23,0.013913027461320211,2022,2,23,True,False,False,False,False,False,True
10493,46.0,0,1,Salaried,0.37980813839761324,0.5740448224400319,-0.40653309566368645,5,109,-0.24278350584773092,0,2023-07-02,0.7706882316274534,2023,7,2,False,False,False,True,False,False,False
10494,28.0,1,3,Unemployed,-1.094817299912051,0.21461678773909854,-0.3784930802086763,3,52,-1.5017508517106926,0,2022-10-23,1.2618585520837233,2022,10,23,False,False,False,False,False,True,False
10495,49.0,0,2,Self-Employed,0.1463066987200562,-0.7156891353276921,-1.2476724072335608,5,43,-0.46930056774344187,0,2020-05-25,0.11939281578902647,2020,5,25,False,True,False,False,False,False,True
10496,46.0,2,4,Self-Employed,1.5728209711304455,1.64031538182992,-0.31985592740656454,0,35,0.38166324392994744,0,2019-04-30,0.9193472513305019,2019,4,30,False,False,True,False,False,False,True
10497,30.0,0,3,Unemployed,0.4833022628530807,-0.797165551893263,0.1354191998943519,9,14,0.45384785272196254,0,2017-05-20,0.06504498352643855,2017,5,20,False,False,True,True,False,False,False
10498,46.0,0,1,Unemployed,0.8298783238942106,0.005061198859988029,1.0197388736381696,11,34,0.13035599399008818,0,2020-11-22,0.41164007339853725,2020,11,22,False,False,False,False,False,True,False
10499,54.0,1,4,Unemployed,-2.4254860717445164,-0.719726336744964,-0.006530934849802615,0,22,-1.0804871187588145,0,2020-12-13,-5.833212573958094,2020,12,13,False,True,False,False,True,False,False
10500,61.0,1,2,Unemployed,1.4485257833831058,-0.4655205509239014,-1.6325487131675191,2,192,1.0660910569930175,0,2023-06-17,0.17116174545615628,2023,6,17,False,False,True,True,False,False,False
