ride_id,customer_id,gender,ride_datetime,signup_date,trip_duration_min,distance_km,fare_amount,ride_payment_mode,zone_name,traffic_level,ride_status
1,1046,Female,01-01-2023 04:41,04-04-2021,16.386162976432562,8.868857238589374,61.74823297586704,Cash,Zone_A,Low,Completed
2,1011,Female,02-01-2023 06:06,23-08-2021,16.195380351775942,6.613467266036712,89.48691109891129,Cash,Zone_B,Low,Completed
3,1061,Male,01-01-2023 13:10,08-03-2022,34.62199354595117,0.300753288149334,158.35035363776507,Cash,Zone_A,High,Completed
4,1079,Female,01-01-2023 09:07,24-12-2020,24.471400457086997,7.685529445834058,251.40716136914818,Card,Zone_D,Low,Cancelled
5,1082,Female,01-01-2023 01:41,16-04-2021,,21.018589172616508,33.802051675760765,UPI,Zone_D,Medium,Completed
6,1007,Female,01-01-2023 01:41,14-07-2022,21.29493698310481,3.022166400648665,175.61530920660175,Cash,Zone_A,Low,Completed
7,1148,Male,01-01-2023 00:35,01-10-2020,14.894059132933927,0.7405078225031021,142.0656674736284,Cash,Zone_A,Medium,Completed
8,1080,Male,01-01-2023 20:06,17-12-2020,24.328164193380832,15.74555721027564,286.0771739428187,Cash,Zone_A,Low,Completed
9,1117,Male,01-01-2023 09:11,28-08-2020,33.31628307664469,10.96833187947734,45.84732208245964,Cash,Zone_A,Medium,Completed
10,1197,Male,01-01-2023 12:18,11-03-2021,24.723293324057387,8.749679522093746,187.40324923948978,Card,Zone_B,Medium,Cancelled
11,1199,Female,01-01-2023 00:12,17-06-2021,,13.450695449468231,148.5112450121125,Card,Zone_B,Low,Completed
12,1024,Male,02-01-2023 11:02,04-12-2021,29.213595680490016,4.673992228175614,297.58391410218303,UPI,Zone_A,Medium,Completed
13,1088,Female,01-01-2023 17:51,12-09-2020,27.299544478422124,0,-33.80205168,Card,Zone_D,Low,Completed
14,1011,Female,01-01-2023 02:23,09-11-2020,15.916978690341942,11.820616467603292,133.13474725938121,Cash,Zone_B,Medium,Completed
15,1142,Male,01-01-2023 02:00,24-10-2022,22.614665531573333,16.441417471281582,248.27091546632658,Card,Zone_D,Low,Completed
16,1058,Male,01-01-2023 02:01,10-11-2022,17.209861569663076,3.3258227413735666,148.8936917353141,Card,Zone_C,High,Completed
17,1153,Male,01-01-2023 03:37,09-01-2022,3.3435477159587634,13.12293783424158,259.9463768991803,UPI,Zone_D,Low,Completed
18,1108,Male,01-01-2023 07:26,27-12-2020,34.74262222128807,9.527356243363936,161.03384072915375,Card,Zone_A,Medium,Completed
19,1025,Male,01-01-2023 05:39,27-07-2020,19.885494444497688,8.652244269717665,264.37332630150104,Cash,Zone_C,Low,Completed
20,1046,Female,01-01-2023 03:26,25-07-2022,17.39599925666694,7.969083110981047,214.88655641018,Cash,Zone_B,Low,Completed
21,1031,Male,01-01-2023 09:27,04-07-2021,27.105700339584647,2.4614135172215867,440.83928645531387,Cash,Zone_B,Medium,Completed
22,1009,,01-01-2023 01:30,05-01-2022,30.12499552221517,11.852355992852129,175.76831956671964,UPI,Zone_C,High,Completed
23,1015,Male,01-01-2023 03:27,11-08-2020,21.792251670937212,4.870923918694688,210.62898332971588,Card,Zone_D,Low,Completed
24,1198,Female,01-01-2023 04:33,30-11-2020,24.973983323909817,3.681237189990612,141.6460206627255,Card,Zone_B,Low,Completed
25,1144,Female,01-01-2023 06:05,03-12-2020,32.46187407314403,11.541835835601352,180.2148272603823,UPI,Zone_A,Low,Completed
26,1150,Female,01-01-2023 15:22,21-10-2021,21.398064053900523,11.156536100586713,36.14681073195527,Card,Zone_C,Low,Completed
27,1025,Female,01-01-2023 02:13,07-12-2021,28.02333741763334,8.316000334444249,217.24672132328257,Card,Zone_A,Low,Completed
28,1085,Female,01-01-2023 07:13,09-04-2022,8.407553816108496,12.318174483246565,287.42993703595295,Cash,Zone_C,Medium,Completed
29,1134,Female,01-01-2023 08:58,14-10-2022,12.586810015722513,13.70374632591646,211.73040036794833,UPI,Zone_B,Low,Completed
30,1013,Female,01-01-2023 00:28,10-11-2020,31.055397780804036,13.232896311302163,74.89108336180982,Cash,Zone_D,Low,Completed
31,1078,Female,01-01-2023 09:21,25-12-2020,12.064413608327015,5.88688410639208,115.8570277832799,UPI,Zone_C,Medium,Completed
32,1116,Male,01-01-2023 01:52,16-07-2020,27.34137547113296,12.056419725118849,14.415370172501639,Card,Zone_C,Low,Completed
33,1006,Male,01-01-2023 00:40,18-07-2020,23.530012178029274,8.846563910034595,258.3139205492339,Cash,Zone_A,Low,Completed
34,1136,Female,02-01-2023 05:44,06-08-2021,21.35532737479771,14.903631081409497,99.47893658323358,Card,Zone_B,Low,Completed
35,1114,Female,02-01-2023 09:42,01-02-2021,,7.505086654931308,177.70331278302177,UPI,Zone_A,Medium,Completed
36,1175,Female,01-01-2023 16:31,02-09-2020,34.09340018105375,6.574113450526678,167.70099421382238,UPI,Zone_B,Low,Completed
37,1071,Female,01-01-2023 03:37,23-11-2020,42.29891154519835,5.544812492628493,299.01816285266136,UPI,Zone_A,Medium,Cancelled
38,1058,,01-01-2023 01:01,01-05-2022,28.001921626001945,8.757151576942222,186.82250543725908,UPI,Zone_C,Low,Completed
39,1081,Male,01-01-2023 11:31,06-11-2021,28.22490715672817,9.866901870368416,-251.4071614,Cash,Zone_A,Medium,Completed
40,1115,Male,01-01-2023 05:48,12-08-2022,18.17669370142506,0,223.717101131813,Cash,Zone_D,Low,Completed
41,1166,Male,01-01-2023 01:18,24-08-2020,13.0390276817562,9.396690161247427,288.752913596912,Cash,Zone_B,Medium,Completed
42,1145,Female,01-01-2023 06:50,23-06-2021,24.602610951938253,10.684148050719225,160.8701044397633,UPI,Zone_B,High,Completed
43,1186,Female,01-01-2023 00:20,18-05-2022,15.26250352041924,7.109832656342407,329.5692264403614,Cash,Zone_C,Medium,Completed
44,1102,Male,02-01-2023 00:00,27-04-2021,7.2738987168417815,4.509938737632514,21.14702748805479,Card,Zone_B,Low,Completed
45,1016,Female,01-01-2023 02:59,13-06-2021,33.034458123655824,4.160688012345409,248.59787984009887,UPI,Zone_D,Low,Completed
46,1013,Male,01-01-2023 10:51,25-01-2022,33.52166788251833,11.900204381213873,110.67043130686943,UPI,Zone_A,Low,Completed
47,1158,Female,01-01-2023 03:44,26-08-2022,16.411612270469057,9.881289242113159,140.5800357776038,UPI,Zone_C,Low,Completed
48,1151,Female,01-01-2023 07:20,27-04-2021,27.439643212792443,0.5766489161987041,225.55314135208283,UPI,Zone_D,Low,Completed
49,1107,Male,01-01-2023 07:54,06-09-2021,35.019522677917664,12.387013707199763,224.91216398781944,Card,Zone_B,Medium,Completed
50,1187,Female,01-01-2023 02:02,30-01-2021,27.05026687061879,15.521740585610619,228.5142410952057,Cash,Zone_B,Low,Completed
51,1044,Male,02-01-2023 10:55,06-09-2021,13.068453539012665,5.136332596965869,69.10736447158095,Cash,Zone_D,Medium,Completed
52,1097,Male,01-01-2023 14:55,21-11-2020,22.671065867629014,9.344640185104165,295.9224185023392,Card,Zone_A,Medium,Completed
53,1130,Male,02-01-2023 04:03,09-08-2021,38.26809420041991,6.106167625470562,107.94823054178595,Cash,Zone_A,Medium,Completed
54,1036,Male,01-01-2023 22:31,01-08-2021,27.47026643605113,10.513227701884666,118.61703278198407,Cash,Zone_C,Low,Completed
55,1170,Male,01-01-2023 09:06,31-10-2020,30.391321031828053,3.3359644436990994,231.03173905334629,UPI,Zone_B,High,Completed
56,1167,Female,02-01-2023 01:29,16-12-2021,28.41629219369114,7.714217371604877,157.06230601910076,Cash,Zone_D,Low,Completed
57,1182,Female,01-01-2023 00:55,08-08-2022,16.444886420217465,0,204.66086724499934,UPI,Zone_A,Medium,Completed
58,1107,Female,01-01-2023 02:10,07-11-2022,18.791547807173572,12.942846957195359,7.471944269376962,Cash,Zone_C,Medium,Completed
59,1038,Male,01-01-2023 00:27,14-02-2021,28.388651570517425,9.705983275678754,202.74595596153853,Card,Zone_B,Medium,Completed
60,1014,Female,01-01-2023 03:56,11-06-2021,33.16871780020408,6.6438187871610435,197.42655036097722,Card,Zone_B,Medium,Completed
61,1119,Male,01-01-2023 04:55,30-03-2021,35.999049509178825,1.629595662625566,139.21131697885733,UPI,Zone_C,Low,Completed
62,1003,Male,01-01-2023 03:09,31-05-2022,16.418944552318067,4.969801155042873,14.073923218816844,UPI,Zone_C,Low,Completed
63,1092,Female,01-01-2023 17:38,06-08-2022,29.331205346771938,6.122906380980878,162.97533908147162,Card,Zone_A,Medium,Completed
64,1152,Male,01-01-2023 04:24,20-11-2022,36.87044111718976,5.209064866793543,177.01009121611096,Cash,Zone_D,Low,Completed
65,1140,Female,01-01-2023 03:17,31-01-2022,15.129182297119776,8.23821187325446,150.6216807735604,Card,Zone_B,High,Completed
66,1160,Female,01-01-2023 07:49,07-07-2021,39.867471357997744,6.6324490553148605,33.10604284540017,Card,Zone_D,Low,Completed
67,1015,Male,01-01-2023 01:31,26-12-2021,41.3894082734419,8.688485489341772,307.57872058535327,Card,Zone_B,Low,Completed
68,1169,Male,01-01-2023 16:12,17-11-2021,51.2508633962166,12.810509204190655,128.89107776445016,UPI,Zone_B,Low,Completed
69,1107,Male,01-01-2023 00:46,07-10-2020,27.309334408299947,6.374151115082554,-61.74823298,Cash,Zone_D,Low,Completed
70,1125,Female,02-01-2023 19:20,03-02-2022,27.364246762624486,2.468532090983101,12.757945697463242,UPI,Zone_C,Medium,Completed
71,1193,Male,01-01-2023 14:47,11-09-2021,33.26994389117318,5.193169607500501,307.58842789585657,Card,Zone_A,Medium,Completed
72,1054,Male,01-01-2023 02:12,20-01-2021,32.978026730494165,10.334353879893087,142.6760054612755,Cash,Zone_B,Medium,Completed
73,1169,Male,01-01-2023 00:03,23-12-2021,36.263668609956056,10.711775139810692,187.8770253659362,Card,Zone_C,High,Completed
74,1033,Female,01-01-2023 16:53,09-06-2021,32.840331804651036,9.624340788064936,269.6589955853321,Cash,Zone_B,High,Completed
75,1157,Male,01-01-2023 12:16,12-11-2020,23.939380909619615,13.202949223552064,125.89566362266993,Cash,Zone_A,High,Completed
76,1012,Male,01-01-2023 13:03,28-08-2020,37.21997120973502,7.254547720492058,257.0595989909235,Cash,Zone_B,Low,Completed
77,1140,Female,01-01-2023 14:45,28-07-2022,14.287458503072743,16.208664592037294,15.09396352470867,Cash,Zone_A,Medium,Completed
78,1017,Other,01-01-2023 00:46,17-09-2020,25.058523367253763,11.272748544423628,224.07893260570506,UPI,Zone_A,Low,Completed
79,1159,Male,01-01-2023 04:26,30-09-2021,40.637356160497994,2.0939498808315093,305.7793733215722,Cash,Zone_B,Low,Completed
80,1095,Male,01-01-2023 01:13,22-04-2022,12.497535018796807,15.202634519854264,133.56665222255762,,Zone_B,Medium,Completed
81,1122,Male,01-01-2023 19:53,29-10-2021,18.22524343002837,4.932053559457113,269.5105296238719,UPI,Zone_A,Low,Completed
82,1038,Female,01-01-2023 09:45,02-08-2020,31.717472910772912,3.863595242172277,326.71381217550265,Cash,Zone_C,Low,Completed
83,1045,Male,01-01-2023 04:01,30-09-2021,28.939119732361522,10.095084439331576,159.61265295567847,UPI,Zone_D,Low,Completed
84,1028,Female,01-01-2023 00:39,19-02-2022,16.24974592343755,1.0472781106538251,-89.4869111,Card,Zone_A,Low,Completed
85,1189,Female,01-01-2023 03:43,30-05-2021,20.838059972698595,5.218123074713547,108.13650033341568,Card,Zone_B,High,Completed
86,1061,Female,01-01-2023 03:55,08-05-2022,13.192179373496609,14.22839416249683,139.22158758518933,Cash,Zone_B,Low,Completed
87,1184,Male,01-01-2023 13:04,27-09-2022,34.80484999520572,10.22487031599001,114.77120877819038,Card,Zone_C,Low,Completed
88,1015,Female,01-01-2023 10:08,12-08-2022,22.441186423294685,11.24895912375688,108.07111212582183,Card,Zone_D,Medium,Completed
89,1183,Female,01-01-2023 21:49,13-08-2022,42.92155910760633,5.372357598010105,275.9068237369085,Cash,Zone_A,Low,Completed
90,1120,Female,01-01-2023 06:23,23-07-2022,25.811002440400216,1.846520004127587,116.80591797693923,Cash,Zone_A,High,Completed
91,1009,Male,01-01-2023 01:16,04-08-2022,22.802596965971233,10.827269717254936,200.68175317756985,UPI,Zone_D,Low,Completed
92,1157,,01-01-2023 12:29,24-05-2021,21.831782387082022,11.721024624967802,183.05867481729902,Cash,Zone_A,Medium,Completed
93,1152,Male,01-01-2023 14:18,27-06-2022,22.558001648075717,11.53997354432444,299.84756500568983,Card,Zone_D,Medium,Completed
94,1102,Male,01-01-2023 08:14,05-02-2022,26.10821095133803,8.836276920471462,139.7475014355989,UPI,Zone_B,High,Completed
95,1083,Male,01-01-2023 14:44,13-10-2020,50.12407576578319,4.131727026111717,210.49184373234579,Card,Zone_D,Medium,Completed
96,1132,Female,01-01-2023 06:48,16-10-2021,21.611403299006405,17.75107835223892,243.28557618208873,UPI,Zone_A,High,Completed
97,1064,Male,01-01-2023 07:23,01-05-2021,21.936465392286905,9.919149771936702,299.1799685856465,Cash,Zone_D,Low,Completed
98,1176,Male,01-01-2023 05:34,06-07-2022,25.655938456831787,7.304453433643329,138.57973239637866,Cash,Zone_C,Low,Completed
99,1002,Male,01-01-2023 00:15,18-06-2022,35.9027450634426,7.32220305006653,130.56860250140957,UPI,Zone_B,Low,Completed
100,1172,Male,01-01-2023 01:08,28-10-2022,10.790154389272208,8.598389912294214,95.05751568319579,Card,Zone_B,High,Completed
101,1141,Female,01-01-2023 00:19,09-07-2022,29.550927369096453,12.278433048631923,358.90396966785926,Card,Zone_D,Low,Completed
102,1119,Female,01-01-2023 10:07,04-04-2022,16.825748239788382,8.75851249322181,290.757795054431,Cash,Zone_A,Low,Completed
103,1157,Male,01-01-2023 03:46,02-07-2022,30.53272688950949,11.434052613789989,-158.3503536,Cash,Zone_C,Low,Completed
104,1067,Female,01-01-2023 07:06,16-09-2022,20.06240057639544,8.60559075157283,334.5151320901645,Cash,Zone_B,Low,Completed
105,1145,Female,01-01-2023 23:48,20-08-2022,1.9589766024271356,7.550584434118477,171.85092845074743,UPI,Zone_B,Low,Cancelled
106,1189,Male,01-01-2023 02:52,28-10-2021,28.695776026874853,10.565001573313555,237.95283771468235,Cash,Zone_A,High,Completed
107,1036,Male,01-01-2023 05:16,06-06-2022,28.611447703468688,10.413144134695186,180.81375213781766,UPI,Zone_A,Medium,Completed
108,1152,,01-01-2023 14:05,20-01-2022,19.209196915205702,7.3214635236193795,211.82443614003768,UPI,Zone_C,Medium,Completed
109,1175,Female,01-01-2023 02:35,21-09-2021,18.616561398569978,5.003172169142963,203.34091540268375,Card,Zone_D,Medium,Completed
110,1192,Male,01-01-2023 00:48,11-04-2021,11.886272749123474,9.366915658961739,146.00117012986803,UPI,Zone_A,Low,Completed
111,1180,Female,01-01-2023 03:25,29-10-2022,32.730999415388716,8.313394675850375,267.3998830468282,Cash,Zone_D,Low,Completed
112,1072,Male,01-01-2023 01:45,06-01-2021,33.82215782466808,5.78051314891697,237.27619341471208,UPI,Zone_C,Low,Completed
113,1142,Female,02-01-2023 02:32,04-06-2021,16.209491148241103,4.630398069852813,262.2155674801183,UPI,Zone_D,Low,Cancelled
114,1048,Male,01-01-2023 16:30,22-09-2022,19.600655404611494,9.641903375577826,205.6181748399477,UPI,Zone_B,Medium,Completed
115,1120,Male,01-01-2023 10:02,02-11-2020,24.367108788610366,10.200380228110777,107.47440945782927,Card,Zone_D,Low,Completed
116,1087,Male,01-01-2023 20:30,22-09-2020,47.70865281035547,6.5598715413805575,316.7508853246162,Card,Zone_C,Low,Completed
117,1195,Other,01-01-2023 16:16,10-10-2022,,5.680251856348297,158.99550131460595,Cash,Zone_C,Medium,Completed
118,1139,Female,01-01-2023 02:03,06-04-2022,15.565844849916207,4.678979243851238,209.12536228547316,Cash,Zone_C,High,Completed
119,1186,Male,01-01-2023 22:18,31-12-2020,28.037803094905055,9.529019756579675,230.8305087057815,UPI,Zone_D,High,Completed
120,1036,Male,01-01-2023 07:45,20-02-2021,11.233084593619182,0,208.5937372974095,Card,Zone_B,High,Completed
121,1060,Female,01-01-2023 16:28,25-06-2022,32.179903099161706,16.964538276082923,253.23336169842196,Cash,Zone_A,Medium,Completed
122,1170,Male,01-01-2023 22:38,03-06-2022,41.755473935444854,6.358874256116012,265.8702337853199,UPI,Zone_B,Low,Completed
123,1123,Male,01-01-2023 03:49,14-01-2022,41.797916850839584,1.7008571114904036,162.01331975622017,UPI,Zone_D,Medium,Completed
124,1197,,01-01-2023 01:09,07-10-2021,32.348935034743384,7.879313333483461,310.03738735645175,Cash,Zone_D,Low,Completed
125,1038,Male,01-01-2023 02:35,13-06-2021,19.165876441318705,7.70786608072479,158.6477156670988,UPI,Zone_A,Medium,Completed
126,1183,Female,01-01-2023 05:34,16-01-2022,11.990982434858742,12.446874270096753,206.93992391046305,Card,Zone_D,Medium,Cancelled
127,1062,,01-01-2023 17:02,26-10-2021,10.99794956630891,9.152504946910817,148.98574531166147,Cash,Zone_C,Low,Completed
128,1045,Male,01-01-2023 19:42,20-02-2021,3.062171094985434,0,126.12211818793679,UPI,Zone_C,Medium,Completed
129,1087,Male,01-01-2023 00:04,01-11-2022,31.938557630079217,6.854432506012894,263.5352871032692,UPI,Zone_C,High,Completed
130,1010,Male,01-01-2023 07:08,27-04-2022,23.971644797756007,9.309679086603952,429.7517517940836,Card,Zone_C,Low,Completed
131,1061,Female,01-01-2023 05:24,22-03-2021,34.092161664531275,0.6588570012416426,151.05920893437462,,Zone_C,High,Completed
132,1076,Female,01-01-2023 02:30,15-10-2020,39.28031485234788,13.354486937561804,277.2257259742463,UPI,Zone_D,Low,Completed
133,1152,Female,01-01-2023 01:16,13-09-2021,25.999055439024097,4.675320456781341,153.92709498398446,Card,Zone_A,Medium,Completed
134,1198,Male,01-01-2023 04:07,27-08-2021,26.4596160971315,13.668175283790468,179.16120185151965,UPI,Zone_A,Medium,Completed
135,1051,Female,02-01-2023 04:37,31-08-2022,20.356796555025333,9.569860564506355,320.60670177853376,UPI,Zone_C,Medium,Completed
136,1003,Other,01-01-2023 03:54,08-11-2021,21.53915582827592,10.518376545575897,94.11717719397552,Cash,Zone_D,High,Completed
137,1058,Female,01-01-2023 07:18,26-08-2021,32.28469912472934,12.597693744005088,72.94727451015018,Cash,Zone_B,High,Completed
138,1071,Other,01-01-2023 12:08,06-05-2022,23.256249696346895,10.292528210769994,173.02410809894806,Cash,Zone_B,Medium,Completed
139,1147,Female,01-01-2023 04:31,12-04-2022,21.80992333247176,10.691544865269805,233.09248223501396,UPI,Zone_D,Low,Completed
140,1092,Female,02-01-2023 11:40,08-01-2022,24.816831405571488,7.342334238154475,217.09332573447054,Cash,Zone_C,High,Completed
141,1062,Female,02-01-2023 08:49,15-11-2022,33.8633019606159,9.48867472588838,208.8543340554397,Card,Zone_A,Low,Completed
142,1053,Male,01-01-2023 02:54,25-02-2022,18.073384421698975,5.650008740113028,182.73055852092622,Cash,Zone_D,High,Completed
143,1116,Male,01-01-2023 06:52,02-06-2022,24.334714824479672,6.626355601648131,242.92320215871354,Cash,Zone_B,Low,Completed
144,1109,Female,01-01-2023 03:34,21-02-2022,27.4527783777843,15.858780191875635,53.09379536359779,UPI,Zone_B,Low,Completed
145,1073,Male,01-01-2023 03:21,20-08-2022,36.60221903585239,4.767225659798314,119.93557559298074,Card,Zone_B,Medium,Completed
146,1106,Female,01-01-2023 00:22,19-10-2020,22.60703223200581,8.617268506545123,172.51100725732417,Cash,Zone_C,Low,Completed
147,1056,,01-01-2023 09:24,04-07-2021,17.82176613948278,8.453876146861905,236.36278392820077,UPI,Zone_B,Low,Completed
148,1168,Female,01-01-2023 06:59,21-04-2021,20.156390557276445,6.756982112876804,299.1812112054853,,Zone_D,Low,Completed
149,1002,Male,01-01-2023 00:31,15-01-2021,35.53057433015379,10.057603746281751,109.19202334662879,Cash,Zone_D,Low,Completed
150,1119,Male,01-01-2023 03:15,25-09-2021,45.333052986034645,10.358888370965532,296.5662900429254,UPI,Zone_B,Low,Cancelled
151,1005,Male,01-01-2023 23:53,18-09-2022,11.862421863139671,4.296723267409684,143.79506646389098,Card,Zone_D,Low,Completed
152,1004,Female,01-01-2023 02:44,22-08-2021,14.046983849301428,8.405426846186206,169.6072173615451,Cash,Zone_B,Medium,Completed
153,1004,Female,01-01-2023 01:33,10-07-2021,23.312032132978548,3.6705306449105723,226.51460150380908,UPI,Zone_B,Low,Completed
154,1053,Other,01-01-2023 06:43,22-02-2021,26.109560960680433,11.154194473269204,163.74111365545818,UPI,Zone_A,Medium,Completed
155,1046,Male,02-01-2023 18:26,22-11-2021,32.869695655549954,8.7059492414505,268.80940853330543,UPI,Zone_C,Low,Completed
156,1176,Other,01-01-2023 02:46,14-08-2022,16.088669913985136,8.32931954686835,147.6316683909485,Cash,Zone_C,High,Completed
157,1008,Female,01-01-2023 11:09,31-03-2022,14.368909633505357,10.636125395489612,148.83720069757328,Cash,Zone_A,High,Completed
158,1098,Male,01-01-2023 14:20,21-01-2022,26.380871531336297,6.897958838126396,264.1583963367466,UPI,Zone_A,Low,Completed
159,1019,Female,01-01-2023 02:42,20-05-2021,22.415992797928315,11.656087836872818,118.95004893858734,Cash,Zone_C,Medium,Completed
160,1121,Male,01-01-2023 13:01,24-07-2021,34.26720997771525,4.2062205089754565,199.91432762533282,Card,Zone_B,High,Completed
161,1060,Male,01-01-2023 04:35,27-01-2022,29.87359803190384,13.64750607557811,47.16138658449407,UPI,Zone_B,High,Completed
162,1122,Female,01-01-2023 10:00,27-07-2020,30.55379347633219,5.796355269780586,325.57114816489525,UPI,Zone_C,Medium,Completed
163,1162,Male,01-01-2023 10:02,23-06-2021,23.955186536231334,1.2152837292176493,276.524154898942,Card,Zone_B,Low,Completed
164,1177,Female,01-01-2023 07:40,10-05-2022,48.55580258568206,6.685860366149073,400.0085759664604,UPI,Zone_A,Medium,Completed
165,1081,Female,01-01-2023 00:56,05-09-2022,16.622520184062402,6.232127210983164,287.06909851571083,Cash,Zone_B,Medium,Completed
166,1061,Female,01-01-2023 18:02,23-07-2022,31.10809833754775,6.655704055399854,89.62798163196148,Card,Zone_B,Medium,Completed
167,1144,Male,01-01-2023 03:52,03-05-2022,12.303100129268927,8.926592061935931,233.49198881284735,Cash,Zone_D,Low,Completed
168,1002,Female,01-01-2023 02:03,16-07-2022,14.265323222605478,12.39136944355309,106.55929902225564,Cash,Zone_D,High,Completed
169,1159,Female,01-01-2023 00:24,23-06-2022,18.92654401234545,7.2331763444114525,306.2430005642479,Card,Zone_D,High,Completed
170,1012,Female,01-01-2023 08:56,29-03-2022,41.29323336618026,5.2335297207243965,91.90877696179422,UPI,Zone_B,Low,Completed
171,1119,Male,01-01-2023 11:19,05-07-2022,27.638944304540193,3.4938127508648114,88.0676092608162,UPI,Zone_C,Low,Completed
172,1124,Male,01-01-2023 00:10,13-10-2020,19.095219314556246,6.1272688347638224,51.215083704265055,Cash,Zone_A,Low,Completed
173,1088,Female,01-01-2023 07:10,24-09-2022,28.744363259545732,0,140.92961429895988,UPI,Zone_B,High,Completed
174,1072,Male,01-01-2023 02:34,02-09-2021,25.351478814245084,5.0994676259345555,124.8417740173143,Cash,Zone_C,Medium,Completed
175,1067,Female,01-01-2023 10:21,10-12-2021,20.080266308608802,12.976215583448745,79.06807153285877,Card,Zone_B,Medium,Completed
176,1141,Female,01-01-2023 01:54,31-07-2020,11.033711442117724,4.706563181686308,339.1847283394819,Cash,Zone_A,Medium,Completed
177,1100,Female,01-01-2023 11:44,27-08-2022,39.3854248451229,10.51486344320122,222.39045571093158,Card,Zone_B,Medium,Completed
178,1097,Female,01-01-2023 04:53,21-12-2021,27.09818128710042,3.0940716407660407,212.97876318853693,UPI,Zone_A,Low,Cancelled
179,1010,,02-01-2023 03:36,11-08-2020,46.73738373468239,15.084383597242216,307.1331535398341,Card,Zone_B,Medium,Cancelled
180,1104,Female,01-01-2023 01:28,10-11-2020,34.403216205408796,15.35042693225884,200.50062336343476,Card,Zone_A,Medium,Completed
181,1183,Other,01-01-2023 04:10,22-12-2020,30.513197247610425,10.364086226239506,-286.0771739,UPI,Zone_B,High,Completed
182,1066,Female,01-01-2023 01:12,22-04-2022,20.64795671383033,15.965010406574086,43.98322059858745,UPI,Zone_A,High,Completed
183,1122,Male,02-01-2023 01:51,07-07-2022,14.046544361430833,9.423171899710649,115.5954086125277,Cash,Zone_D,High,Completed
184,1028,Male,01-01-2023 20:59,30-04-2021,,11.074068456598225,300.433248040677,Cash,Zone_B,Medium,Completed
185,1136,Female,01-01-2023 02:58,15-09-2020,13.757074057941692,13.047735506926138,79.5731107451072,Card,Zone_B,Medium,Cancelled
186,1194,Male,01-01-2023 10:47,05-08-2021,31.501903807307542,8.718873812393797,208.25017903983013,Card,Zone_C,Medium,Completed
187,1152,Female,01-01-2023 16:59,23-07-2021,41.3265249769713,1.7904901536597544,262.7140114468446,UPI,Zone_C,High,Cancelled
188,1075,Male,01-01-2023 08:06,03-04-2022,22.390877338828698,11.155853420937591,202.82758723546013,Cash,Zone_A,Low,Completed
189,1169,Female,01-01-2023 07:32,01-02-2021,34.44490972391197,6.112561622266146,211.91866630324665,UPI,Zone_B,Low,Completed
190,1008,Female,01-01-2023 02:46,23-06-2022,18.107709297831434,6.40988071617816,232.4483130298741,UPI,Zone_A,Low,Completed
191,1039,Female,01-01-2023 00:58,24-02-2022,21.97533161792649,9.191579665914759,210.34246974581197,UPI,Zone_D,Medium,Completed
192,1024,Female,01-01-2023 22:45,27-11-2021,16.850360154345573,10.265123518869482,308.7259337978626,Card,Zone_C,Low,Completed
193,1004,Female,01-01-2023 23:04,17-09-2021,3.6686696492948947,8.600538536024873,96.77666174179116,,Zone_A,Low,Completed
194,1138,Male,01-01-2023 10:01,06-05-2022,24.634666500813893,10.542918144629235,199.23399014710287,Cash,Zone_A,Low,Completed
195,1186,Female,01-01-2023 04:08,25-08-2022,26.284517375977526,5.172571463759214,34.540765280228186,UPI,Zone_C,Low,Completed
196,1123,Male,01-01-2023 04:17,19-06-2021,35.65860998761637,7.829184821106866,14.100305025077034,UPI,Zone_B,High,Completed
197,1037,,01-01-2023 12:56,26-03-2022,32.954382526692875,11.396341801803484,173.4663175318413,UPI,Zone_A,Low,Completed
198,1071,Female,01-01-2023 22:44,15-07-2021,33.08952899038995,15.091164705746863,223.47036551558054,Cash,Zone_C,Medium,Completed
199,1132,Male,01-01-2023 21:48,21-07-2022,15.25963776882123,16.505742355892835,310.4534221790052,Cash,Zone_B,Medium,Completed
200,1175,Male,01-01-2023 15:08,10-10-2021,29.59497306070692,9.731906730910925,373.58333864083704,Card,Zone_D,High,Cancelled
201,1089,Female,01-01-2023 10:16,26-08-2021,40.825939654815926,11.36003930698243,285.58885365323846,UPI,Zone_C,Low,Completed
202,1145,Male,01-01-2023 00:52,18-10-2022,28.798678507090813,15.926316659260763,238.17325955184228,UPI,Zone_A,High,Completed
203,1197,Male,01-01-2023 01:45,13-02-2022,43.28593613064997,5.316655853066022,192.79718846190522,Card,Zone_D,Medium,Completed
204,1036,Female,01-01-2023 22:52,08-08-2022,45.18966111119863,10.518799410850333,57.50175494532981,Card,Zone_B,High,Completed
205,1059,Female,01-01-2023 09:19,08-10-2022,22.315317297083546,11.073371797944585,168.31707154065614,Cash,Zone_B,High,Completed
206,1175,Female,01-01-2023 00:05,24-07-2020,18.030602549194285,13.791445744306978,283.23014010065805,UPI,Zone_C,Low,Completed
207,1027,Other,01-01-2023 01:04,25-02-2022,17.3853783458105,3.451434477855111,251.86254848224326,UPI,Zone_C,Low,Completed
208,1196,Female,01-01-2023 10:53,28-12-2020,9.8386417989678,4.242376864797933,77.09326826536413,Card,Zone_C,Low,Completed
209,1080,Female,01-01-2023 00:03,25-04-2022,19.81597100584478,8.085528844418823,229.12205178067842,Card,Zone_B,Medium,Completed
210,1113,Male,01-01-2023 01:45,19-04-2021,37.076654497562465,9.510910649286542,222.27142494941762,UPI,Zone_D,Low,Cancelled
211,1039,Female,01-01-2023 07:57,09-02-2021,2.9596242474876,12.49145581493523,207.991209609179,UPI,Zone_B,Low,Cancelled
212,1044,Male,01-01-2023 11:46,02-07-2021,14.625465992862537,10.070175103249085,177.77155556981324,Card,Zone_A,Medium,Completed
213,1061,,01-01-2023 10:33,18-10-2021,23.728685583480022,7.394347079558865,233.24671735553545,Cash,Zone_B,Low,Completed
214,1092,Female,01-01-2023 02:32,09-12-2021,16.228147993782997,9.665845779024563,235.78504311299187,Cash,Zone_A,Low,Completed
215,1114,Female,01-01-2023 12:27,02-02-2022,19.727140557597796,9.204177905097806,128.68329876548756,UPI,Zone_D,Medium,Completed
216,1185,Male,01-01-2023 02:42,15-09-2020,19.876703255776963,14.980065719951153,216.40112491056763,Cash,Zone_C,Low,Completed
217,1066,Female,01-01-2023 03:56,10-12-2020,22.42459779938251,8.66263577427413,164.8483887402229,Cash,Zone_C,Low,Completed
218,1055,Female,01-01-2023 13:43,15-08-2020,,6.467666345789745,61.02129058030056,Card,Zone_B,Medium,Cancelled
219,1039,Male,01-01-2023 10:29,16-08-2022,16.88786786144452,9.798436120287318,135.0714371969469,Card,Zone_C,Medium,Cancelled
220,1097,Male,01-01-2023 18:55,07-03-2021,34.343097459212316,8.79394127735413,54.90482517236599,UPI,Zone_D,High,Completed
221,1039,Female,01-01-2023 10:43,07-09-2020,35.49654177860345,1.716026577301312,258.40748280560837,Cash,Zone_C,Medium,Completed
222,1090,Male,01-01-2023 08:24,28-06-2022,11.194566547525906,7.937391753511324,208.47115020434552,Cash,Zone_B,Medium,Completed
223,1032,Other,01-01-2023 00:59,06-10-2022,2.5959739927288403,7.597047018375979,151.56075110352438,Cash,Zone_D,Medium,Completed
224,1005,Male,01-01-2023 04:35,26-02-2021,35.63374849570931,5.824512536882735,293.64170746309185,Cash,Zone_A,High,Completed
225,1146,Male,01-01-2023 03:04,21-07-2021,12.711995814478625,12.14233315049189,185.43927260649332,Card,Zone_B,High,Completed
226,1079,Female,01-01-2023 02:47,30-11-2020,27.1274483845974,4.857281613552017,65.50217952265004,Cash,Zone_A,High,Completed
227,1167,Male,02-01-2023 12:07,03-08-2022,9.343281269717828,9.822474478098155,144.84171678529512,UPI,Zone_D,Medium,Completed
228,1091,Female,01-01-2023 04:59,10-01-2021,37.977549852596724,7.408572000625078,310.62833498186336,Cash,Zone_B,Low,Completed
229,1096,Male,01-01-2023 22:15,10-06-2022,50.436678953015274,8.43078002258713,126.44194999286853,Card,Zone_B,Low,Completed
230,1058,Male,01-01-2023 09:58,13-07-2022,26.828069092053365,9.647145164183469,202.01770310062642,Card,Zone_D,Low,Completed
231,1058,Female,01-01-2023 15:50,13-07-2022,24.058973515404833,2.769702464435995,239.51012996117106,Card,Zone_C,High,Completed
232,1047,Female,01-01-2023 06:59,24-12-2020,21.778604248099363,8.766643566939132,227.19587876439542,Card,Zone_B,Medium,Completed
233,1168,Female,01-01-2023 08:36,03-05-2021,32.81799311312912,17.15578995885283,375.956783916648,UPI,Zone_B,Medium,Completed
234,1012,Female,01-01-2023 06:46,03-09-2021,30.676867509345858,1.772946616485103,85.89573944613849,Cash,Zone_A,Low,Completed
235,1106,Female,01-01-2023 02:10,24-01-2022,35.03498453552865,7.76956814513798,93.88295355737576,UPI,Zone_C,High,Completed
236,1044,Male,01-01-2023 12:49,30-10-2020,18.720834774019174,12.49295729929528,87.21964423182936,UPI,Zone_A,Low,Cancelled
237,1088,Male,01-01-2023 03:17,26-12-2021,28.40117706404645,9.206476991814387,156.3265263186492,UPI,Zone_A,Low,Completed
238,1180,Other,01-01-2023 00:14,22-12-2020,19.57531933293804,10.751867808464134,267.9501910545961,Cash,Zone_C,Low,Completed
239,1169,Female,01-01-2023 10:22,15-11-2021,14.422843519299457,1.502664044370464,97.4612336162791,Cash,Zone_C,Medium,Completed
240,1099,Female,01-01-2023 01:56,09-01-2022,24.589845789965363,10.3929974985198,269.0688404755151,UPI,Zone_D,Medium,Completed
241,1190,Male,02-01-2023 04:12,26-10-2021,15.774872696229178,4.953247175065606,182.81013359421894,UPI,Zone_C,High,Completed
242,1154,Male,02-01-2023 06:46,15-03-2022,36.73726997742588,9.239509138332586,91.28026454312611,Card,Zone_B,Low,Cancelled
243,1165,Female,02-01-2023 00:38,20-02-2021,16.38079621984177,7.882261076362036,39.890403474571485,Cash,Zone_C,Medium,Completed
244,1187,Female,01-01-2023 04:37,21-09-2021,28.635459406873597,17.113332116646532,57.7943604952539,UPI,Zone_D,Medium,Completed
245,1006,Female,01-01-2023 00:09,14-05-2022,18.965777012402775,10.186781295063502,126.73172734128607,Cash,Zone_D,Low,Completed
246,1132,Female,02-01-2023 02:21,11-10-2020,27.77062750437512,7.549504682948856,166.46790594053437,Cash,Zone_D,High,Completed
247,1044,Female,01-01-2023 05:35,03-01-2022,19.760034265446436,1.961228962985782,287.6850381384361,UPI,Zone_C,Medium,Completed
248,1057,Male,02-01-2023 10:00,17-08-2021,12.427887251424625,8.484587607399586,243.92705697505912,Cash,Zone_C,Medium,Completed
249,1030,Male,02-01-2023 09:08,05-10-2020,29.83772740951845,11.29291551338729,112.88469983357582,Cash,Zone_A,High,Completed
250,1022,Male,01-01-2023 19:10,07-06-2021,22.645843780867782,7.677792432723107,212.69322266977346,UPI,Zone_A,Medium,Completed
251,1169,Male,01-01-2023 03:29,23-08-2022,27.859849407224594,5.977374560250236,312.1237015353792,Cash,Zone_B,Low,Completed
252,1137,Female,01-01-2023 04:51,06-09-2020,20.711570643695623,5.7096533446147255,329.91339368240284,Cash,Zone_A,Medium,Completed
253,1159,Female,01-01-2023 19:02,04-06-2021,11.72063486231548,10.140565741821282,154.84751907571228,Cash,Zone_B,Low,Cancelled
254,1106,Female,01-01-2023 03:48,14-02-2022,35.831785970562564,11.037551757236628,256.6630743764001,Cash,Zone_D,Low,Completed
255,1180,Male,01-01-2023 01:51,03-08-2022,32.367577554410886,13.444840461284475,291.1964293510259,Cash,Zone_A,Low,Completed
256,1157,Male,01-01-2023 08:08,11-01-2021,19.330390244467562,4.020000427158568,59.434246145729034,UPI,Zone_C,Medium,Completed
257,1038,Male,02-01-2023 03:30,11-06-2021,25.697792134987978,10.103910233670467,139.00743302722424,Cash,Zone_A,Medium,Completed
258,1158,Male,01-01-2023 11:54,25-08-2021,35.420194831629374,7.513184182328532,357.60149875386105,Cash,Zone_B,Low,Completed
259,1081,Female,01-01-2023 08:26,16-10-2020,,7.631063181466878,155.9171111903277,UPI,Zone_A,Medium,Completed
260,1099,Male,01-01-2023 01:01,15-01-2021,21.98115494809448,9.607303416136007,54.31610917608779,UPI,Zone_D,High,Completed
261,1001,Female,01-01-2023 09:32,24-07-2022,27.436325000073737,9.63062501449979,170.3230551690622,Card,Zone_C,Low,Completed
262,1076,Male,02-01-2023 22:06,06-03-2022,20.40908936445414,10.115072423166295,269.970039929269,Card,Zone_B,Low,Completed
263,1011,Male,01-01-2023 01:30,30-04-2022,33.570919969870225,3.77011523121676,180.52083494407168,Card,Zone_C,Medium,Completed
264,1038,Male,01-01-2023 07:18,23-02-2021,23.31099219692562,5.000754371334166,237.22911574405072,UPI,Zone_C,Low,Completed
265,1193,Female,01-01-2023 20:59,03-11-2022,17.15964125006026,13.943473102070737,255.05775981245853,UPI,Zone_B,Medium,Completed
266,1012,Female,01-01-2023 13:30,25-07-2021,31.086388298739944,7.11771013007664,151.60500388541743,UPI,Zone_C,Low,Cancelled
267,1045,Male,01-01-2023 11:56,07-02-2021,13.578693505686532,9.224057592071585,138.4485610868499,Cash,Zone_C,Medium,Completed
268,1154,Male,01-01-2023 12:07,31-10-2020,45.14878561124213,12.218665248172744,-187.4032492,Cash,Zone_A,Medium,Completed
269,1112,Female,01-01-2023 04:27,08-02-2022,40.82496363580202,9.853772289443276,194.22231383439046,Cash,Zone_C,Medium,Completed
270,1016,Male,01-01-2023 03:28,18-12-2020,30.134954769210154,10.186090523888158,184.3261455877577,Card,Zone_C,High,Completed
271,1103,Male,01-01-2023 16:34,28-08-2022,29.293310218199018,11.578310716975027,187.61252181459713,UPI,Zone_C,High,Completed
272,1097,Female,01-01-2023 16:36,26-11-2020,28.824414178192985,0.46665504358800014,120.11630923034096,Card,Zone_C,Medium,Cancelled
273,1187,Female,01-01-2023 20:10,14-08-2022,20.10905214081093,6.040199379357861,240.02295280647584,UPI,Zone_B,Medium,Completed
274,1191,Male,02-01-2023 00:26,22-12-2021,27.973096456808424,9.874423185998367,227.9385557690373,UPI,Zone_D,Low,Completed
275,1087,Other,01-01-2023 07:09,08-01-2021,15.768673895421516,13.55057722823063,73.11933066916336,Cash,Zone_A,Medium,Completed
276,1108,Female,01-01-2023 06:57,25-07-2022,30.03818418440181,8.264382238623092,148.86701463312264,Cash,Zone_C,Low,Completed
277,1162,Male,01-01-2023 16:00,17-05-2022,33.67846943031296,4.621134152975618,187.44638980315574,Card,Zone_C,High,Completed
278,1069,Female,01-01-2023 10:29,14-03-2021,21.219138990166655,4.727655801557991,137.25495981790604,UPI,Zone_B,Low,Completed
279,1157,Female,01-01-2023 12:06,16-03-2021,19.048982058452808,11.535444813812298,230.9897582070235,UPI,Zone_D,Medium,Completed
280,1198,Male,01-01-2023 15:53,24-05-2021,12.875229753520902,7.128905670432453,174.64939692342898,Card,Zone_C,Low,Completed
281,1073,Male,01-01-2023 22:04,08-04-2021,39.57955233565691,7.971199816838654,193.52580235641494,Cash,Zone_B,Medium,Completed
282,1062,Male,01-01-2023 04:07,17-08-2021,19.843359661577885,10.460120775089276,147.94325540135412,,Zone_A,High,Completed
283,1155,Female,01-01-2023 04:42,27-04-2022,23.01260963983377,3.6060947307743163,20.54249412715083,UPI,Zone_A,Low,Completed
284,1059,Male,01-01-2023 00:59,05-02-2022,28.001555849957256,16.001470046032324,15.972134275004038,UPI,Zone_C,High,Completed
285,1078,Female,01-01-2023 08:38,28-06-2022,27.822076428899347,5.075704659795754,227.16876373536218,UPI,Zone_C,Low,Completed
286,1036,Female,01-01-2023 00:21,03-10-2020,32.4656009568107,8.967745477894287,201.35296611915152,Cash,Zone_D,Medium,Completed
287,1021,Male,01-01-2023 06:15,13-07-2021,21.206700801616712,1.1812119460149155,215.09297650808676,Cash,Zone_D,High,Completed
288,1195,Female,01-01-2023 07:49,19-12-2021,13.613320615290869,6.3098355583798496,190.75782736503305,UPI,Zone_C,Low,Completed
289,1147,Male,01-01-2023 03:22,27-10-2021,11.863346910276839,12.978752185460387,197.16539226988115,Card,Zone_B,High,Completed
290,1095,Female,01-01-2023 08:56,30-08-2020,19.207447671571536,0.3353312813364848,257.521869889503,Card,Zone_D,Low,Completed
291,1067,Female,01-01-2023 00:18,22-07-2022,15.48149525325376,12.504800348756564,215.56954979211298,Cash,Zone_C,Low,Cancelled
292,1191,Male,01-01-2023 00:22,10-07-2021,21.963832946922416,6.905215615070463,263.27274802448903,UPI,Zone_D,High,Completed
293,1016,Female,01-01-2023 17:17,18-09-2021,38.07578810759983,9.948657760880767,193.71694729812776,Cash,Zone_C,Low,Completed
294,1011,Male,01-01-2023 04:27,19-06-2021,21.22721794116311,10.630097653940442,155.9694607584183,Cash,Zone_A,High,Completed
295,1149,Male,01-01-2023 01:21,17-11-2022,21.223491386654434,9.765685997963702,195.53622897249966,UPI,Zone_C,High,Completed
296,1144,Male,01-01-2023 07:23,04-11-2020,24.836012237442116,4.540197393476694,113.10576948101625,UPI,Zone_A,Low,Completed
297,1137,Male,01-01-2023 14:41,13-09-2020,20.943750087879337,6.541803413859905,-175.6153092,Cash,Zone_D,Medium,Completed
298,1117,,01-01-2023 02:25,29-07-2021,24.32608764281806,2.1537752909967374,194.20570469120295,Cash,Zone_C,Low,Completed
299,1192,Male,01-01-2023 09:45,05-04-2021,30.408692224813464,9.967185326352318,193.14546655208093,,Zone_D,Medium,Completed
300,1021,Male,01-01-2023 00:53,21-09-2020,33.847510547633135,14.808220616063704,171.48648959976092,Cash,Zone_A,Low,Completed
301,1119,Female,01-01-2023 00:31,27-03-2021,35.03213199739024,0.7022364532941499,68.94522318606347,UPI,Zone_C,Low,Completed
302,1049,Male,01-01-2023 07:34,23-07-2022,45.568522207310195,4.953416375447858,230.91276371365714,UPI,Zone_D,Low,Completed
303,1013,,01-01-2023 07:46,19-07-2021,30.69359446172438,7.272898896468266,246.73827252796394,Cash,Zone_A,Medium,Completed
304,1191,Female,01-01-2023 10:08,23-06-2021,47.34478901349309,8.693365694854217,311.49523962017906,Cash,Zone_D,High,Completed
305,1174,Female,01-01-2023 12:56,29-11-2021,17.23518191940357,11.516705205737706,215.3420797270985,UPI,Zone_B,High,Completed
306,1028,Male,02-01-2023 13:14,02-03-2021,45.91284902424585,7.391200078569334,180.11694673531863,Card,Zone_A,Medium,Completed
307,1163,Male,01-01-2023 07:15,11-09-2020,21.196239457804097,6.736165094217398,98.95763923118801,UPI,Zone_A,Medium,Cancelled
308,1179,Male,01-01-2023 03:54,18-09-2020,22.179810692369646,12.412522824278962,299.3614295488844,UPI,Zone_A,High,Completed
309,1124,Female,01-01-2023 15:51,05-11-2021,23.801274525771266,10.647982268253221,199.82663814992188,,Zone_C,Low,Completed
310,1006,Male,01-01-2023 03:09,26-08-2022,22.81379288841269,10.155911902804394,195.46985390603652,Card,Zone_C,Medium,Completed
311,1028,Male,01-01-2023 05:46,29-07-2020,25.85840396726503,8.450062846352457,159.67550414569183,UPI,Zone_C,High,Completed
312,1138,,01-01-2023 00:49,03-12-2020,19.199719975115606,11.932608843679436,154.56243468521103,UPI,Zone_B,Low,Completed
313,1032,Female,01-01-2023 00:15,16-08-2022,33.299621730713724,5.374762435078933,-142.0656675,UPI,Zone_B,Medium,Completed
314,1133,Male,02-01-2023 08:52,22-09-2020,19.471649653788205,4.829222871255688,98.28475018731265,UPI,Zone_A,High,Completed
315,1110,Male,01-01-2023 18:04,06-11-2020,31.556103982528917,10.984403947477297,310.03454873270243,UPI,Zone_B,High,Cancelled
316,1078,,01-01-2023 11:54,07-09-2021,40.27723619523765,1.4998561230123668,292.60211660306976,UPI,Zone_D,Medium,Completed
317,1159,Male,01-01-2023 05:15,06-07-2021,21.428976301922603,8.368718038545948,151.67507625063286,Cash,Zone_A,Low,Completed
318,1178,Female,01-01-2023 01:54,20-12-2021,32.94383417979177,6.733766590949951,110.8908347301566,UPI,Zone_A,Low,Completed
319,1057,Female,01-01-2023 01:42,16-10-2022,30.591592889031848,2.3769810773881765,18.78352093156684,Cash,Zone_D,Low,Completed
320,1025,Male,01-01-2023 02:52,14-02-2022,47.528868822197495,4.274929681134942,79.88689020126186,Cash,Zone_A,Medium,Completed
321,1173,Female,01-01-2023 07:58,03-01-2021,19.9516943515505,7.564095630818603,238.39291943062995,Cash,Zone_B,Low,Completed
322,1028,Male,01-01-2023 12:32,28-11-2022,32.95071616805784,12.135853025996092,205.2273487120523,UPI,Zone_C,High,Completed
323,1003,Male,01-01-2023 10:47,15-02-2022,8.73988908223447,5.388168034968755,219.49228522448703,UPI,Zone_D,Low,Cancelled
324,1098,Female,01-01-2023 03:17,21-12-2021,20.04141589263187,12.853525599619974,32.353629174067066,Cash,Zone_B,Low,Completed
325,1140,Female,02-01-2023 06:58,22-08-2021,28.53392837596908,8.252716910226065,148.33475039178686,UPI,Zone_D,Medium,Completed
326,1038,Female,01-01-2023 13:23,23-09-2020,38.93159969089781,13.241538808679884,289.3818245025666,UPI,Zone_D,Medium,Cancelled
327,1014,Female,01-01-2023 08:04,04-02-2022,,5.582033564879806,172.31780757445173,Cash,Zone_A,Low,Completed
328,1118,Male,01-01-2023 09:27,04-02-2022,32.86090640741111,7.804761647578525,78.21642123008118,UPI,Zone_A,Medium,Completed
329,1028,Male,01-01-2023 05:26,01-03-2021,24.367765435170412,9.473934413347983,171.0718135325679,Card,Zone_B,Medium,Cancelled
330,1156,Male,01-01-2023 02:50,04-11-2021,9.784723466076874,7.281958149033953,118.31860653078002,Card,Zone_D,Low,Completed
331,1074,Male,01-01-2023 04:24,21-05-2022,26.815868459487902,11.812096588580943,206.69432479563176,UPI,Zone_A,Low,Cancelled
332,1115,Male,01-01-2023 14:10,04-11-2021,42.091612329782116,0.830254901161064,181.6436303110172,UPI,Zone_A,High,Completed
333,1031,Male,01-01-2023 00:08,02-08-2022,13.795773400883832,17.68962215515976,223.46373312658326,Cash,Zone_D,Medium,Completed
334,1129,Male,01-01-2023 01:14,02-07-2022,23.900622846298166,11.431098427980649,82.566109858791,Cash,Zone_B,Low,Completed
335,1174,Male,01-01-2023 00:28,25-09-2021,15.133610153604337,7.305872683859935,144.10267450679208,Cash,Zone_B,High,Completed
336,1083,Female,01-01-2023 00:24,03-12-2021,20.314170680899842,0,267.23474731192874,,Zone_D,High,Completed
337,1021,Female,01-01-2023 19:20,28-09-2020,39.32170143524633,4.534317554205782,71.65759564516148,Cash,Zone_B,Medium,Completed
338,1026,Male,01-01-2023 12:09,21-01-2022,22.284755245086174,10.582461896678948,99.75103871680173,Cash,Zone_A,Medium,Cancelled
339,1194,Other,01-01-2023 06:25,15-07-2021,39.01565737515327,11.979926675169416,195.94378479936512,Card,Zone_D,High,Completed
340,1080,Female,01-01-2023 01:01,31-05-2021,36.09054047931586,7.349895487480402,202.9383871267033,Card,Zone_A,High,Completed
341,1125,Male,01-01-2023 06:45,21-11-2022,21.37262086515552,12.42796165191401,140.8920125805784,Card,Zone_C,Medium,Completed
342,1183,Female,01-01-2023 06:24,04-05-2021,19.974005393937674,4.37095981295551,157.725369388892,Cash,Zone_C,Medium,Completed
343,1091,Female,01-01-2023 01:54,01-07-2022,16.04001193185498,3.664756600052656,222.65804492445133,Cash,Zone_B,Medium,Completed
344,1020,Female,01-01-2023 05:41,18-08-2020,15.691188058065958,15.253364820982195,247.9708001407894,UPI,Zone_C,Medium,Completed
345,1046,Male,01-01-2023 05:05,26-07-2022,28.53207394507843,10.364434454154171,94.46226677681926,Cash,Zone_A,Low,Completed
346,1100,Female,01-01-2023 09:34,07-12-2021,24.802146847850345,13.587392807253313,209.145561650236,Cash,Zone_C,Medium,Completed
347,1186,Male,01-01-2023 10:04,19-09-2022,18.76394565070793,4.584241166449229,300.9612800004578,UPI,Zone_A,High,Completed
348,1083,Female,01-01-2023 00:27,18-07-2020,9.512370778767211,4.30589843292508,170.7286350911094,Card,Zone_B,Medium,Completed
349,1005,Female,01-01-2023 04:41,22-09-2021,26.061787678222117,6.565562722169831,93.61286769691847,UPI,Zone_B,Medium,Completed
350,1146,Female,01-01-2023 09:49,03-07-2021,20.30447820938667,4.703764633843953,89.91264729382269,UPI,Zone_A,Medium,Completed
351,1184,Female,01-01-2023 06:59,05-10-2022,23.04702304417906,10.821460840913804,167.1410046950509,UPI,Zone_C,Low,Completed
352,1196,Female,01-01-2023 19:24,18-02-2021,28.046618286980816,4.995495772294218,262.8677843894095,Cash,Zone_B,Medium,Completed
353,1130,Male,01-01-2023 10:44,03-06-2022,0.018028613878634303,0,176.7395320122703,UPI,Zone_D,Medium,Completed
354,1000,Male,01-01-2023 01:46,12-10-2020,9.667253962908752,8.56806164902093,195.1385583924742,Cash,Zone_B,Low,Completed
355,1057,Female,01-01-2023 00:43,07-06-2022,47.96443076805188,2.8400552966991466,100.29266542609568,Cash,Zone_C,Low,Completed
356,1123,Male,01-01-2023 10:17,20-06-2022,19.933894933003824,0.8021442740984428,258.6494106381238,Card,Zone_D,High,Completed
357,1165,Male,01-01-2023 00:16,01-11-2022,0.17433102397529154,8.533028935445111,88.34731430677161,Cash,Zone_C,Low,Completed
358,1014,Male,01-01-2023 08:48,18-10-2021,10.500598204837475,1.0031198279591598,139.64028125826934,,Zone_A,Low,Cancelled
359,1161,Male,02-01-2023 04:10,29-07-2021,49.84467368641433,11.10111758518169,230.39318896370352,Cash,Zone_D,High,Completed
360,1188,,01-01-2023 08:34,06-10-2022,17.9700253973016,2.4186650949888167,16.84548013440545,UPI,Zone_C,Medium,Completed
361,1162,Female,01-01-2023 04:54,27-01-2021,36.590152448971565,0.9626951456789907,193.91689197485664,UPI,Zone_D,Medium,Completed
362,1063,Other,01-01-2023 10:18,03-11-2021,26.211179983372052,6.824813399436823,96.8741146886575,Cash,Zone_C,High,Cancelled
363,1024,Female,01-01-2023 06:07,02-09-2021,20.15032962501029,8.578378013185938,181.32395191272906,Cash,Zone_D,Low,Completed
364,1023,Female,01-01-2023 07:53,14-11-2021,32.75445470763093,9.965900254727762,151.83555138304507,UPI,Zone_C,Medium,Completed
365,1011,Male,02-01-2023 04:22,19-12-2021,1.1564332464371176,8.688062796063415,348.46678602787904,Card,Zone_A,Medium,Completed
366,1017,Female,01-01-2023 04:52,03-08-2021,10.588673801433972,3.7627495155290305,148.5503048640075,Card,Zone_D,High,Completed
367,1014,Male,02-01-2023 08:29,20-07-2022,20.07648987860439,10.852244723706416,327.4121098306674,UPI,Zone_D,Medium,Completed
368,1026,Female,01-01-2023 23:34,27-06-2022,11.570956017303917,11.840554025918985,226.95618329466998,Card,Zone_D,Medium,Completed
369,1071,Female,01-01-2023 02:10,13-11-2020,19.192222114960284,3.1769514861778454,115.88328234162174,UPI,Zone_D,Medium,Completed
370,1059,Male,01-01-2023 00:43,31-08-2020,33.53713045682828,7.275975445361545,206.46487402078054,Card,Zone_A,Medium,Cancelled
371,1173,,01-01-2023 01:03,12-01-2022,26.32136721335981,6.902239891563921,155.64722029297505,UPI,Zone_D,Medium,Completed
372,1144,Female,01-01-2023 00:11,11-04-2022,38.306170355095894,8.881526331152136,199.3725992592987,UPI,Zone_B,Medium,Completed
373,1092,Female,01-01-2023 00:59,21-05-2021,26.953752843517442,7.180304832903564,122.88872100533867,Card,Zone_A,Medium,Completed
374,1052,Male,01-01-2023 11:29,12-12-2021,34.92460831494527,0,315.21421066767664,UPI,Zone_B,Medium,Completed
375,1007,Female,01-01-2023 00:44,10-11-2022,24.359296998715024,10.567262120966763,254.03184726373794,Card,Zone_D,Medium,Completed
376,1078,Female,01-01-2023 03:50,20-07-2022,,3.5445876015954667,182.54252545292726,UPI,Zone_C,Medium,Completed
377,1026,Male,01-01-2023 18:38,20-03-2021,39.80568055541888,10.949492541043297,318.3291814455627,Cash,Zone_B,High,Completed
378,1173,Male,01-01-2023 00:14,08-05-2021,17.906497120639333,12.564530926125004,185.94233952662788,Cash,Zone_D,Medium,Completed
379,1049,Female,01-01-2023 16:50,09-11-2022,28.438448231242994,14.536539973955474,267.80999718889313,UPI,Zone_B,High,Completed
380,1198,Male,01-01-2023 03:18,23-05-2022,32.68897363224473,0.5734692965494368,183.06404700179397,UPI,Zone_D,High,Completed
381,1130,Female,01-01-2023 01:15,15-05-2022,33.41492704470856,7.268393371539128,211.51100758484628,Card,Zone_D,Medium,Completed
382,1092,Other,01-01-2023 11:55,27-04-2021,,0.1395977025856432,173.48489752457763,Cash,Zone_D,Medium,Completed
383,1191,Female,01-01-2023 09:54,15-11-2022,35.519504058282656,1.740254759091295,187.62410830991496,Card,Zone_C,High,Completed
384,1171,Male,01-01-2023 20:59,03-09-2022,15.210447538927298,8.576372190429915,193.64254883103993,Card,Zone_B,Medium,Completed
385,1180,Female,01-01-2023 13:16,06-01-2021,33.10703655349994,6.4033928285985535,126.42145340092851,Cash,Zone_A,High,Completed
386,1023,Male,01-01-2023 16:16,30-06-2022,30.351734710490987,9.199403807082986,147.91450664615297,Card,Zone_A,Medium,Completed
387,1059,Male,01-01-2023 03:18,14-05-2021,33.186306617798984,9.944510760349264,162.65959868110625,,Zone_A,Medium,Completed
388,1121,Female,01-01-2023 01:57,09-05-2022,12.949964789009725,12.991583832431683,198.37688134418374,Card,Zone_A,Low,Completed
389,1130,Male,01-01-2023 13:53,07-09-2022,30.879297427343914,8.21568170122312,177.55367843972263,Card,Zone_D,Medium,Completed
390,1147,Male,01-01-2023 16:26,05-05-2022,35.85593676408172,19.69342246927635,273.8426027060566,,Zone_B,High,Completed
391,1045,Female,02-01-2023 22:34,14-03-2021,26.933957831617406,9.225639419940851,247.76946551837128,UPI,Zone_B,Medium,Completed
392,1014,Male,01-01-2023 05:19,18-11-2020,16.813833203954232,15.369916178268845,164.2937955179702,UPI,Zone_C,Medium,Completed
393,1152,Male,01-01-2023 04:39,10-12-2020,34.1974761432799,1.331351202096993,290.5427117961551,Card,Zone_B,High,Completed
394,1198,Female,01-01-2023 14:58,22-12-2021,26.1391962810077,13.3989581182025,329.8416498860365,UPI,Zone_B,Medium,Completed
395,1016,Female,01-01-2023 04:10,30-04-2021,8.255557361723042,7.2769580408177585,16.493896406230647,UPI,Zone_B,Medium,Completed
396,1125,Female,02-01-2023 02:42,07-06-2022,16.038105376833396,0.20661096229091402,254.58320680530232,Cash,Zone_C,Medium,Completed
397,1083,Male,01-01-2023 19:32,22-03-2022,19.737054687730264,9.682180436912478,124.56126421348007,Card,Zone_A,Medium,Completed
398,1008,Male,01-01-2023 05:36,14-10-2020,40.058182876396565,6.78817784806273,244.05984170586396,Cash,Zone_B,Low,Completed
399,1165,Male,01-01-2023 13:53,21-11-2022,38.30183086306214,10.32021299379257,279.05903525171453,Card,Zone_C,Medium,Completed
400,1175,Male,01-01-2023 14:02,19-09-2022,38.26968531056676,12.044305830204312,109.84059243915584,UPI,Zone_C,Medium,Completed
401,1187,Female,01-01-2023 01:05,05-06-2022,27.323602776838666,2.0433995329536163,31.813832078739154,Cash,Zone_D,Low,Completed
402,1062,Male,01-01-2023 23:17,09-11-2022,34.135947917791995,12.059675929820632,246.8347270572692,UPI,Zone_C,Medium,Completed
403,1116,Male,01-01-2023 07:02,28-06-2022,13.592205913141093,8.025917936882866,190.8321985986889,Cash,Zone_A,Medium,Completed
404,1129,Female,01-01-2023 17:30,13-07-2021,25.068030983927713,13.41136469877309,46.52489968778974,UPI,Zone_B,Low,Completed
405,1087,Female,01-01-2023 03:51,01-12-2021,29.516327016495964,7.179407084008527,382.3651604370258,Card,Zone_C,Medium,Completed
406,1071,Female,01-01-2023 22:35,17-10-2020,14.251009426908798,6.118364429874315,229.95355298052417,Card,Zone_A,Low,Completed
407,1138,Male,01-01-2023 04:55,21-12-2020,27.099120896418697,8.108216162755806,233.60800321001219,Cash,Zone_C,Medium,Completed
408,1063,Male,01-01-2023 00:06,08-02-2022,41.86639185804344,8.407442825519412,289.2654202049639,Cash,Zone_C,High,Completed
409,1071,Male,01-01-2023 23:34,21-04-2022,30.587697845606268,5.348860794033058,133.53408377227984,Card,Zone_C,Medium,Completed
410,1020,Male,01-01-2023 00:57,06-01-2022,34.175452066641206,6.014781076178865,190.43632896709414,Card,Zone_C,Low,Completed
411,1017,Female,01-01-2023 03:50,07-07-2021,0.4759307656773757,3.0924978619448424,74.45424689761896,UPI,Zone_C,Low,Cancelled
412,1063,Female,02-01-2023 05:58,13-04-2022,40.57968849152924,6.261419640839222,131.36412421718524,UPI,Zone_A,Low,Completed
413,1081,Female,02-01-2023 06:04,07-06-2021,23.138776522478302,10.705240239990315,210.85280003753903,UPI,Zone_B,Medium,Completed
414,1109,Female,01-01-2023 08:31,11-12-2021,17.313136859299576,7.450583304375424,46.77722662940383,Card,Zone_B,Low,Completed
415,1094,Male,01-01-2023 09:59,09-08-2021,23.253621481900698,12.036261184189314,129.0968363457535,UPI,Zone_B,Medium,Completed
416,1165,Female,01-01-2023 05:57,18-11-2021,10.149778417191023,7.258282129387705,105.76528320498235,Cash,Zone_B,Low,Completed
417,1031,Male,01-01-2023 03:28,21-03-2022,35.47942061752143,2.2739280091067435,191.3673796496276,Cash,Zone_A,High,Completed
418,1010,Female,01-01-2023 03:59,29-08-2020,21.64604277226207,10.389099550226332,225.97610093322788,Card,Zone_D,Low,Completed
419,1044,Female,01-01-2023 11:09,06-02-2021,17.613691879739307,5.3055074358663905,239.37222435011657,Cash,Zone_D,Low,Completed
420,1032,Male,01-01-2023 13:57,03-08-2022,23.31944934311635,7.066530844945862,259.9053315822521,UPI,Zone_A,High,Completed
421,1101,Male,01-01-2023 15:40,07-11-2020,36.180156545761406,12.950288189936469,289.76934772578966,UPI,Zone_A,Low,Completed
422,1168,,01-01-2023 15:35,04-10-2021,26.314584007812208,3.3565181611139447,228.57963629467247,Cash,Zone_C,Low,Completed
423,1135,Male,01-01-2023 00:57,15-10-2020,10.90306230466533,8.65897514985754,330.98687191155324,Cash,Zone_C,Medium,Completed
424,1010,Male,01-01-2023 06:49,06-01-2021,29.64980829741082,7.837926599856832,189.56020170117455,Card,Zone_C,Medium,Completed
425,1178,Male,01-01-2023 00:35,28-11-2021,15.71020045677375,10.803702861748413,166.1343076599562,Card,Zone_B,Medium,Completed
426,1087,Female,01-01-2023 07:58,13-11-2022,3.4389896862518334,11.420613461928092,228.5845890688032,Card,Zone_C,Low,Completed
427,1040,Female,01-01-2023 05:49,13-04-2022,39.960072127171784,9.05535601699557,162.6871060005929,Card,Zone_D,Medium,Completed
428,1144,Female,01-01-2023 21:51,18-08-2021,29.57229874827689,6.558501413678401,328.20517830200396,UPI,Zone_B,Low,Completed
429,1075,Male,01-01-2023 04:19,30-05-2021,24.21729336196585,9.893490016103842,270.47867785081695,Card,Zone_C,Low,Completed
430,1120,Female,01-01-2023 01:14,22-04-2022,21.543904853033013,13.342623588578249,240.02225153596115,UPI,Zone_B,High,Completed
431,1045,Male,01-01-2023 01:32,03-08-2022,38.97079500733316,7.890840241441197,190.51354752330806,UPI,Zone_D,Medium,Completed
432,1159,Female,01-01-2023 14:20,06-12-2020,55.87155150198406,6.930975542307894,147.40182628681097,,Zone_C,Low,Completed
433,1079,Female,01-01-2023 09:37,29-07-2020,29.487805185665167,9.55268103067196,236.10600036542078,Cash,Zone_D,Medium,Completed
434,1053,Male,01-01-2023 01:03,01-09-2021,14.70365317672124,8.154908081478446,89.83220385224328,UPI,Zone_D,Low,Completed
435,1085,Male,01-01-2023 00:52,06-07-2022,23.455344811320238,2.6491623043288035,302.74908267528167,UPI,Zone_D,High,Completed
436,1091,Male,01-01-2023 12:04,10-04-2022,29.30572672094049,8.957323201589926,165.7890635691701,Cash,Zone_C,Low,Cancelled
437,1147,Male,01-01-2023 00:45,17-11-2022,1.5047169300813437,2.612950364944944,204.40853865925834,Cash,Zone_A,Low,Completed
438,1160,Male,01-01-2023 17:15,28-09-2020,28.344992017781177,9.497922585633782,107.2319139045369,Card,Zone_C,Medium,Completed
439,1167,Female,01-01-2023 12:14,22-08-2022,29.36425129493079,4.811429102373731,237.8389010495377,,Zone_D,Medium,Completed
440,1159,Female,01-01-2023 00:50,19-07-2021,38.263421979872206,8.147499216745384,143.70067097293372,UPI,Zone_C,Medium,Completed
441,1096,Male,01-01-2023 00:53,08-04-2022,37.221233023730534,9.562375624796946,231.93830322440786,Cash,Zone_D,Low,Completed
442,1001,Male,02-01-2023 19:09,07-08-2021,26.11172160289536,17.815613383774284,240.59147751819114,Cash,Zone_A,Low,Completed
443,1032,Male,01-01-2023 04:41,15-05-2021,40.14636906580358,10.970999847147697,128.18943091291675,Card,Zone_B,Medium,Completed
444,1157,Female,01-01-2023 04:37,11-12-2020,45.35678319038756,13.45919523896934,90.11767032688041,UPI,Zone_A,Low,Completed
445,1160,Male,01-01-2023 16:45,06-06-2022,25.2795145524446,15.486991274775697,302.5519933235636,UPI,Zone_A,High,Completed
446,1076,Female,02-01-2023 05:25,23-11-2022,29.18187078467749,9.957023667997777,164.61607727767344,UPI,Zone_B,Low,Completed
447,1115,Female,02-01-2023 18:41,05-08-2022,7.327026468894239,9.142759201068797,197.98790528365106,UPI,Zone_C,Medium,Completed
448,1153,Female,01-01-2023 13:59,10-10-2020,10.49026737558912,3.7331155646951366,218.83716197173936,UPI,Zone_B,Medium,Completed
449,1149,Female,01-01-2023 04:43,02-11-2020,16.618036859904812,7.533480270398422,79.70398960814236,Card,Zone_C,Low,Completed
450,1102,Male,01-01-2023 00:52,01-07-2021,20.563816954829466,5.10764908145655,217.013290945591,UPI,Zone_C,Medium,Completed
451,1193,,01-01-2023 15:00,28-06-2021,14.038769752619316,6.3957645995024555,187.93012289237097,UPI,Zone_D,High,Completed
452,1165,Male,01-01-2023 08:10,03-05-2021,24.64004588022758,15.482653504769875,128.5175441836487,UPI,Zone_D,Low,Cancelled
453,1102,Male,01-01-2023 05:31,03-07-2022,20.862908323253816,8.45848603679996,87.47712121298166,Card,Zone_B,High,Completed
454,1089,Female,01-01-2023 23:40,28-09-2020,35.70895231339615,4.496401689135565,228.4708438365816,UPI,Zone_A,Medium,Completed
455,1173,Other,01-01-2023 01:10,03-12-2021,20.25226354516292,13.498133818765218,270.21696065559036,Cash,Zone_B,Low,Completed
456,1121,Female,01-01-2023 06:47,03-01-2022,2.1328205178450546,11.821101904949796,194.28724139142423,UPI,Zone_C,Medium,Completed
457,1142,Male,01-01-2023 00:06,07-09-2021,26.257511725354203,12.030613970401586,65.24277265202505,Cash,Zone_D,Low,Completed
458,1105,Male,01-01-2023 06:19,23-10-2022,24.85801975588661,0,95.41337462602158,Card,Zone_B,Medium,Completed
459,1118,Other,01-01-2023 00:34,11-07-2022,16.379501185955064,15.794683830885944,145.4301032540757,UPI,Zone_B,Medium,Cancelled
460,1171,Male,01-01-2023 01:15,28-02-2021,25.94999883497037,5.765941031624451,305.16957929286,,Zone_D,High,Completed
461,1048,Female,01-01-2023 01:15,21-09-2022,14.24735411773665,11.111819091171022,160.25994703208994,Cash,Zone_D,High,Completed
462,1103,Female,01-01-2023 10:28,26-06-2021,28.298399536233426,18.095199162468127,142.514486176144,Card,Zone_D,Medium,Completed
463,1060,Female,01-01-2023 13:42,03-05-2022,51.329244369298515,16.62133099276247,46.121216025910826,UPI,Zone_C,Medium,Completed
464,1194,Male,01-01-2023 08:45,29-12-2021,6.9439452709323355,4.089751498109252,127.46521679119112,Card,Zone_D,Low,Completed
465,1122,Female,02-01-2023 08:44,26-03-2022,19.8375791299084,2.221930651990908,81.36509168073358,UPI,Zone_A,Medium,Completed
466,1133,Male,01-01-2023 04:41,27-01-2022,18.234948785508642,13.721386395391711,99.745613526176,UPI,Zone_B,Low,Completed
467,1008,Female,01-01-2023 03:21,17-03-2021,20.667401165124563,8.568223246375998,189.5960544126994,Card,Zone_D,Medium,Completed
468,1005,Female,01-01-2023 20:17,19-03-2022,35.199245795969745,5.99647423479168,147.9068635511058,Cash,Zone_D,Medium,Completed
469,1072,Female,01-01-2023 02:31,28-07-2021,30.428265593190247,10.48487418775619,315.95955621370763,Cash,Zone_C,Low,Completed
470,1102,Male,02-01-2023 09:01,14-10-2021,33.487665026064235,7.348481690162236,266.24026981659813,UPI,Zone_C,Low,Completed
471,1159,,01-01-2023 00:07,04-05-2021,25.30495504753598,10.805296548194974,131.2892849751729,UPI,Zone_B,Low,Completed
472,1040,Male,02-01-2023 11:01,08-09-2020,11.779006800551423,8.267927231274932,106.6545726607588,Cash,Zone_A,Medium,Completed
473,1113,Male,01-01-2023 00:26,05-03-2021,13.853146387400203,10.889551713312667,290.6113548531354,Cash,Zone_B,Medium,Completed
474,1007,Male,01-01-2023 22:10,30-05-2022,32.46259707466592,4.421869243454445,312.80339915867864,Cash,Zone_D,Medium,Completed
475,1071,Female,01-01-2023 07:30,05-11-2022,26.708318984132973,13.697848052530539,4.460140516357427,Card,Zone_A,Medium,Completed
476,1177,Female,03-01-2023 01:34,18-04-2022,37.60207406078838,10.790493482929753,187.4286099177361,UPI,Zone_A,Medium,Completed
477,1091,Female,01-01-2023 00:45,03-07-2021,27.93262103246797,10.58518947761429,159.84973536826183,Card,Zone_A,Low,Completed
478,1061,Male,01-01-2023 08:04,19-10-2022,13.16985006667875,3.5293202919520246,231.92961120479495,,Zone_A,Low,Completed
479,1083,Male,02-01-2023 10:50,27-09-2021,19.780981858168452,14.798529666576988,335.41344993292034,UPI,Zone_B,Medium,Completed
480,1061,Female,01-01-2023 07:24,01-07-2021,30.648141496829297,7.945135602534927,141.27543845377613,Cash,Zone_C,Medium,Completed
481,1110,Male,01-01-2023 09:55,15-02-2022,32.10332496238625,10.912195449719365,15.144118826886881,Cash,Zone_C,Low,Completed
482,1126,Female,01-01-2023 11:53,31-01-2021,33.551086321546876,6.708702145013565,226.3206160119411,Cash,Zone_D,Low,Completed
483,1006,,01-01-2023 06:03,01-09-2022,14.51475886794807,9.043556258728389,291.1971254883362,Card,Zone_C,Low,Completed
484,1083,,01-01-2023 09:52,28-09-2022,12.98969833923075,9.188509408477618,155.699217478418,UPI,Zone_C,Medium,Completed
485,1131,Other,01-01-2023 08:46,09-03-2021,23.101974802525792,3.2797237280136837,123.59700158882711,Cash,Zone_C,Low,Completed
486,1133,Female,01-01-2023 23:08,27-09-2021,39.400735165334545,10.329792498619325,145.01924756978406,UPI,Zone_C,Medium,Completed
487,1057,Male,01-01-2023 00:27,13-04-2021,18.06131679191982,15.861365846888338,248.01642937049877,UPI,Zone_D,High,Completed
488,1021,Male,01-01-2023 03:17,19-11-2021,29.54971890600973,10.159121035967829,143.64312469720156,UPI,Zone_B,Low,Completed
489,1153,Female,02-01-2023 06:02,02-05-2022,29.55061138938965,4.169167004441047,206.30082402742764,Cash,Zone_A,High,Completed
490,1126,Female,01-01-2023 22:05,20-12-2020,32.60772749670613,10.599846264615548,182.22423325919522,,Zone_C,Medium,Completed
491,1002,Male,01-01-2023 06:04,06-01-2021,41.6444025394821,12.237922120693355,173.9696310061787,UPI,Zone_B,Medium,Cancelled
492,1126,Male,01-01-2023 09:40,07-04-2021,40.61906424766106,10.049866064761549,236.10338614017863,Cash,Zone_C,Medium,Completed
493,1040,Male,01-01-2023 03:14,10-04-2022,19.05394166160495,7.703491574279824,-45.84732208,Card,Zone_C,Medium,Completed
494,1187,Female,01-01-2023 02:05,07-07-2021,4.02104558691326,7.0314030967042775,145.5530751854177,Cash,Zone_A,Medium,Completed
495,1105,Female,01-01-2023 06:13,22-01-2022,18.214706646352575,7.014760978532772,243.80822799998032,Card,Zone_A,Medium,Completed
496,1013,Female,01-01-2023 04:21,14-09-2022,25.756722940472354,10.79110760404485,101.0459740665078,,Zone_A,Low,Completed
497,1011,Male,01-01-2023 08:45,25-09-2020,21.383547223143427,2.3715040197614874,109.58238473421383,Card,Zone_C,Low,Completed
498,1086,,01-01-2023 00:48,05-08-2022,44.67898942928135,6.512507356578373,79.17485669251252,Card,Zone_C,Low,Completed
499,1011,Female,02-01-2023 12:38,28-08-2020,25.187803043164493,14.382439292043793,247.92087306212426,UPI,Zone_C,Low,Completed
500,1140,Male,02-01-2023 18:50,09-11-2021,31.53711880256194,14.536781066308704,171.5810425534986,Card,Zone_A,Low,Cancelled
